Point,CapturePointId,Date,meanHFI,n_audio,first_datetime,last_datetime,audio_0400_0430,audio_0430_0500,audio_0500_0530,audio_0530_0600,n_audio_in_window,n_audio_outside_window,n_bins_covered,complete_bin_coverage
1,12,2024-09-01,2.38544061302682,12,2024-09-01 04:00:00-03:00,2024-09-01 05:50:00-03:00,3,3,3,3,12,0,4,True
1,12,2024-09-02,2.38544061302682,12,2024-09-02 04:00:00-03:00,2024-09-02 05:50:00-03:00,3,3,3,3,12,0,4,True
1,12,2024-09-03,2.38544061302682,12,2024-09-03 04:00:00-03:00,2024-09-03 05:50:00-03:00,3,3,3,3,12,0,4,True
1,12,2024-09-04,2.38544061302682,12,2024-09-04 04:00:00-03:00,2024-09-04 05:50:00-03:00,3,3,3,3,12,0,4,True
1,12,2024-09-05,2.38544061302682,12,2024-09-05 04:00:00-03:00,2024-09-05 05:50:00-03:00,3,3,3,3,12,0,4,True
1,12,2024-09-06,2.38544061302682,12,2024-09-06 04:00:00-03:00,2024-09-06 05:50:00-03:00,3,3,3,3,12,0,4,True
1,12,2024-09-07,2.38544061302682,12,2024-09-07 04:00:00-03:00,2024-09-07 05:50:00-03:00,3,3,3,3,12,0,4,True
1,12,2024-09-08,2.38544061302682,12,2024-09-08 04:00:00-03:00,2024-09-08 05:50:00-03:00,3,3,3,3,12,0,4,True
1,12,2024-09-09,2.38544061302682,12,2024-09-09 04:00:00-03:00,2024-09-09 05:50:00-03:00,3,3,3,3,12,0,4,True
1,12,2024-09-10,2.38544061302682,12,2024-09-10 04:00:00-03:00,2024-09-10 05:50:00-03:00,3,3,3,3,12,0,4,True
1,12,2024-09-11,2.38544061302682,12,2024-09-11 04:00:00-03:00,2024-09-11 05:50:00-03:00,3,3,3,3,12,0,4,True
1,12,2024-09-12,2.38544061302682,12,2024-09-12 04:00:00-03:00,2024-09-12 05:50:00-03:00,3,3,3,3,12,0,4,True
1,12,2024-09-13,2.38544061302682,12,2024-09-13 04:00:00-03:00,2024-09-13 05:50:00-03:00,3,3,3,3,12,0,4,True
1,12,2024-09-14,2.38544061302682,12,2024-09-14 04:00:00-03:00,2024-09-14 05:50:00-03:00,3,3,3,3,12,0,4,True
1,12,2024-09-15,2.38544061302682,12,2024-09-15 04:00:00-03:00,2024-09-15 05:50:00-03:00,3,3,3,3,12,0,4,True
1,12,2024-09-16,2.38544061302682,8,2024-09-16 04:00:00-03:00,2024-09-16 05:40:00-03:00,3,2,1,2,8,0,4,True
1,12,2024-09-17,2.38544061302682,12,2024-09-17 04:00:00-03:00,2024-09-17 05:50:00-03:00,3,3,3,3,12,0,4,True
1,12,2024-09-18,2.38544061302682,12,2024-09-18 04:00:00-03:00,2024-09-18 05:50:00-03:00,3,3,3,3,12,0,4,True
1,12,2024-09-19,2.38544061302682,12,2024-09-19 04:00:00-03:00,2024-09-19 05:50:00-03:00,3,3,3,3,12,0,4,True
1,12,2024-09-20,2.38544061302682,12,2024-09-20 04:00:00-03:00,2024-09-20 05:50:00-03:00,3,3,3,3,12,0,4,True
1,12,2024-09-21,2.38544061302682,12,2024-09-21 04:00:00-03:00,2024-09-21 05:50:00-03:00,3,3,3,3,12,0,4,True
2,17,2024-09-01,3.61527777777778,12,2024-09-01 04:00:00-03:00,2024-09-01 05:50:00-03:00,3,3,3,3,12,0,4,True
2,17,2024-09-02,3.61527777777778,12,2024-09-02 04:00:00-03:00,2024-09-02 05:50:00-03:00,3,3,3,3,12,0,4,True
2,17,2024-09-03,3.61527777777778,12,2024-09-03 04:00:00-03:00,2024-09-03 05:50:00-03:00,3,3,3,3,12,0,4,True
2,17,2024-09-04,3.61527777777778,12,2024-09-04 04:00:00-03:00,2024-09-04 05:50:00-03:00,3,3,3,3,12,0,4,True
2,17,2024-09-05,3.61527777777778,12,2024-09-05 04:00:00-03:00,2024-09-05 05:50:00-03:00,3,3,3,3,12,0,4,True
2,17,2024-09-06,3.61527777777778,12,2024-09-06 04:00:00-03:00,2024-09-06 05:50:00-03:00,3,3,3,3,12,0,4,True
2,17,2024-09-07,3.61527777777778,12,2024-09-07 04:00:00-03:00,2024-09-07 05:50:00-03:00,3,3,3,3,12,0,4,True
2,17,2024-09-08,3.61527777777778,12,2024-09-08 04:00:00-03:00,2024-09-08 05:50:00-03:00,3,3,3,3,12,0,4,True
2,17,2024-09-09,3.61527777777778,12,2024-09-09 04:00:00-03:00,2024-09-09 05:50:00-03:00,3,3,3,3,12,0,4,True
2,17,2024-09-10,3.61527777777778,12,2024-09-10 04:00:00-03:00,2024-09-10 05:50:00-03:00,3,3,3,3,12,0,4,True
2,17,2024-09-11,3.61527777777778,12,2024-09-11 04:00:00-03:00,2024-09-11 05:50:00-03:00,3,3,3,3,12,0,4,True
2,17,2024-09-12,3.61527777777778,12,2024-09-12 04:00:00-03:00,2024-09-12 05:50:00-03:00,3,3,3,3,12,0,4,True
2,17,2024-09-13,3.61527777777778,12,2024-09-13 04:00:00-03:00,2024-09-13 05:50:00-03:00,3,3,3,3,12,0,4,True
2,17,2024-09-14,3.61527777777778,12,2024-09-14 04:00:00-03:00,2024-09-14 05:50:00-03:00,3,3,3,3,12,0,4,True
2,17,2024-09-15,3.61527777777778,12,2024-09-15 04:00:00-03:00,2024-09-15 05:50:00-03:00,3,3,3,3,12,0,4,True
2,17,2024-09-16,3.61527777777778,12,2024-09-16 04:00:00-03:00,2024-09-16 05:50:00-03:00,3,3,3,3,12,0,4,True
2,17,2024-09-17,3.61527777777778,12,2024-09-17 04:00:00-03:00,2024-09-17 05:50:00-03:00,3,3,3,3,12,0,4,True
2,17,2024-09-18,3.61527777777778,12,2024-09-18 04:00:00-03:00,2024-09-18 05:50:00-03:00,3,3,3,3,12,0,4,True
2,17,2024-09-19,3.61527777777778,12,2024-09-19 04:00:00-03:00,2024-09-19 05:50:00-03:00,3,3,3,3,12,0,4,True
2,17,2024-09-20,3.61527777777778,12,2024-09-20 04:00:00-03:00,2024-09-20 05:50:00-03:00,3,3,3,3,12,0,4,True
2,17,2024-09-21,3.61527777777778,12,2024-09-21 04:00:00-03:00,2024-09-21 05:50:00-03:00,3,3,3,3,12,0,4,True
2,88,2025-03-17,3.63541401273885,12,2025-03-17 04:00:00-03:00,2025-03-17 05:50:00-03:00,3,3,3,3,12,0,4,True
2,88,2025-03-18,3.63541401273885,12,2025-03-18 04:00:00-03:00,2025-03-18 05:50:00-03:00,3,3,3,3,12,0,4,True
2,88,2025-03-19,3.63541401273885,12,2025-03-19 04:00:00-03:00,2025-03-19 05:50:00-03:00,3,3,3,3,12,0,4,True
2,88,2025-03-20,3.63541401273885,12,2025-03-20 04:00:00-03:00,2025-03-20 05:50:00-03:00,3,3,3,3,12,0,4,True
2,88,2025-03-21,3.63541401273885,12,2025-03-21 04:00:00-03:00,2025-03-21 05:50:00-03:00,3,3,3,3,12,0,4,True
2,88,2025-03-22,3.63541401273885,12,2025-03-22 04:00:00-03:00,2025-03-22 05:50:00-03:00,3,3,3,3,12,0,4,True
2,88,2025-03-23,3.63541401273885,12,2025-03-23 04:00:00-03:00,2025-03-23 05:50:00-03:00,3,3,3,3,12,0,4,True
2,88,2025-03-24,3.63541401273885,12,2025-03-24 04:00:00-03:00,2025-03-24 05:50:00-03:00,3,3,3,3,12,0,4,True
2,88,2025-03-25,3.63541401273885,12,2025-03-25 04:00:00-03:00,2025-03-25 05:50:00-03:00,3,3,3,3,12,0,4,True
2,88,2025-03-26,3.63541401273885,12,2025-03-26 04:00:00-03:00,2025-03-26 05:50:00-03:00,3,3,3,3,12,0,4,True
2,88,2025-03-27,3.63541401273885,12,2025-03-27 04:00:00-03:00,2025-03-27 05:50:00-03:00,3,3,3,3,12,0,4,True
2,88,2025-03-28,3.63541401273885,12,2025-03-28 04:00:00-03:00,2025-03-28 05:50:00-03:00,3,3,3,3,12,0,4,True
2,88,2025-03-29,3.63541401273885,12,2025-03-29 04:00:00-03:00,2025-03-29 05:50:00-03:00,3,3,3,3,12,0,4,True
2,88,2025-03-30,3.63541401273885,12,2025-03-30 04:00:00-03:00,2025-03-30 05:50:00-03:00,3,3,3,3,12,0,4,True
2,88,2025-03-31,3.63541401273885,12,2025-03-31 04:00:00-03:00,2025-03-31 05:50:00-03:00,3,3,3,3,12,0,4,True
2,88,2025-04-01,3.63541401273885,12,2025-04-01 04:00:00-03:00,2025-04-01 05:50:00-03:00,3,3,3,3,12,0,4,True
2,88,2025-04-02,3.63541401273885,12,2025-04-02 04:00:00-03:00,2025-04-02 05:50:00-03:00,3,3,3,3,12,0,4,True
2,88,2025-04-03,3.63541401273885,12,2025-04-03 04:00:00-03:00,2025-04-03 05:50:00-03:00,3,3,3,3,12,0,4,True
2,88,2025-04-04,3.63541401273885,12,2025-04-04 04:00:00-03:00,2025-04-04 05:50:00-03:00,3,3,3,3,12,0,4,True
2,88,2025-04-05,3.63541401273885,12,2025-04-05 04:00:00-03:00,2025-04-05 05:50:00-03:00,3,3,3,3,12,0,4,True
2,88,2025-04-06,3.63541401273885,12,2025-04-06 04:00:00-03:00,2025-04-06 05:50:00-03:00,3,3,3,3,12,0,4,True
2,88,2025-04-07,3.63541401273885,12,2025-04-07 04:00:00-03:00,2025-04-07 05:50:00-03:00,3,3,3,3,12,0,4,True
3,20,2024-09-01,4.12755102040816,12,2024-09-01 04:00:00-03:00,2024-09-01 05:50:00-03:00,3,3,3,3,12,0,4,True
3,20,2024-09-02,4.12755102040816,12,2024-09-02 04:00:00-03:00,2024-09-02 05:50:00-03:00,3,3,3,3,12,0,4,True
3,20,2024-09-03,4.12755102040816,12,2024-09-03 04:00:00-03:00,2024-09-03 05:50:00-03:00,3,3,3,3,12,0,4,True
3,20,2024-09-04,4.12755102040816,12,2024-09-04 04:00:00-03:00,2024-09-04 05:50:00-03:00,3,3,3,3,12,0,4,True
3,20,2024-09-05,4.12755102040816,12,2024-09-05 04:00:00-03:00,2024-09-05 05:50:00-03:00,3,3,3,3,12,0,4,True
3,20,2024-09-06,4.12755102040816,12,2024-09-06 04:00:00-03:00,2024-09-06 05:50:00-03:00,3,3,3,3,12,0,4,True
3,20,2024-09-07,4.12755102040816,12,2024-09-07 04:00:00-03:00,2024-09-07 05:50:00-03:00,3,3,3,3,12,0,4,True
3,20,2024-09-08,4.12755102040816,12,2024-09-08 04:00:00-03:00,2024-09-08 05:50:00-03:00,3,3,3,3,12,0,4,True
3,20,2024-09-09,4.12755102040816,12,2024-09-09 04:00:00-03:00,2024-09-09 05:50:00-03:00,3,3,3,3,12,0,4,True
3,20,2024-09-10,4.12755102040816,12,2024-09-10 04:00:00-03:00,2024-09-10 05:50:00-03:00,3,3,3,3,12,0,4,True
3,20,2024-09-11,4.12755102040816,12,2024-09-11 04:00:00-03:00,2024-09-11 05:50:00-03:00,3,3,3,3,12,0,4,True
3,20,2024-09-12,4.12755102040816,12,2024-09-12 04:00:00-03:00,2024-09-12 05:50:00-03:00,3,3,3,3,12,0,4,True
3,20,2024-09-13,4.12755102040816,12,2024-09-13 04:00:00-03:00,2024-09-13 05:50:00-03:00,3,3,3,3,12,0,4,True
3,20,2024-09-14,4.12755102040816,12,2024-09-14 04:00:00-03:00,2024-09-14 05:50:00-03:00,3,3,3,3,12,0,4,True
3,20,2024-09-15,4.12755102040816,11,2024-09-15 04:00:00-03:00,2024-09-15 05:50:00-03:00,2,3,3,3,11,0,4,True
3,20,2024-09-16,4.12755102040816,7,2024-09-16 04:10:00-03:00,2024-09-16 05:50:00-03:00,2,3,1,1,7,0,4,True
3,20,2024-09-17,4.12755102040816,12,2024-09-17 04:00:00-03:00,2024-09-17 05:50:00-03:00,3,3,3,3,12,0,4,True
3,20,2024-09-18,4.12755102040816,12,2024-09-18 04:00:00-03:00,2024-09-18 05:50:00-03:00,3,3,3,3,12,0,4,True
3,20,2024-09-19,4.12755102040816,11,2024-09-19 04:10:00-03:00,2024-09-19 05:50:00-03:00,2,3,3,3,11,0,4,True
3,20,2024-09-20,4.12755102040816,12,2024-09-20 04:00:00-03:00,2024-09-20 05:50:00-03:00,3,3,3,3,12,0,4,True
3,20,2024-09-21,4.12755102040816,12,2024-09-21 04:00:00-03:00,2024-09-21 05:50:00-03:00,3,3,3,3,12,0,4,True
4,23,2024-09-01,3.71709183673469,12,2024-09-01 04:00:00-03:00,2024-09-01 05:50:00-03:00,3,3,3,3,12,0,4,True
4,23,2024-09-03,3.71709183673469,12,2024-09-03 04:00:00-03:00,2024-09-03 05:50:00-03:00,3,3,3,3,12,0,4,True
4,23,2024-09-04,3.71709183673469,12,2024-09-04 04:00:00-03:00,2024-09-04 05:50:00-03:00,3,3,3,3,12,0,4,True
4,23,2024-09-08,3.71709183673469,12,2024-09-08 04:00:00-03:00,2024-09-08 05:50:00-03:00,3,3,3,3,12,0,4,True
4,23,2024-09-09,3.71709183673469,12,2024-09-09 04:00:00-03:00,2024-09-09 05:50:00-03:00,3,3,3,3,12,0,4,True
4,23,2024-09-10,3.71709183673469,12,2024-09-10 04:00:00-03:00,2024-09-10 05:50:00-03:00,3,3,3,3,12,0,4,True
4,23,2024-09-11,3.71709183673469,12,2024-09-11 04:00:00-03:00,2024-09-11 05:50:00-03:00,3,3,3,3,12,0,4,True
4,23,2024-09-12,3.71709183673469,10,2024-09-12 04:00:00-03:00,2024-09-12 05:50:00-03:00,2,2,3,3,10,0,4,True
4,23,2024-09-13,3.71709183673469,12,2024-09-13 04:00:00-03:00,2024-09-13 05:50:00-03:00,3,3,3,3,12,0,4,True
4,23,2024-09-14,3.71709183673469,12,2024-09-14 04:00:00-03:00,2024-09-14 05:50:00-03:00,3,3,3,3,12,0,4,True
4,23,2024-09-15,3.71709183673469,3,2024-09-15 05:30:00-03:00,2024-09-15 05:50:00-03:00,0,0,0,3,3,0,1,False
4,23,2024-09-16,3.71709183673469,6,2024-09-16 05:00:00-03:00,2024-09-16 05:50:00-03:00,0,0,3,3,6,0,2,False
4,23,2024-09-17,3.71709183673469,9,2024-09-17 04:20:00-03:00,2024-09-17 05:50:00-03:00,1,3,2,3,9,0,4,True
4,23,2024-09-18,3.71709183673469,12,2024-09-18 04:00:00-03:00,2024-09-18 05:50:00-03:00,3,3,3,3,12,0,4,True
4,23,2024-09-19,3.71709183673469,1,2024-09-19 05:50:00-03:00,2024-09-19 05:50:00-03:00,0,0,0,1,1,0,1,False
4,23,2024-09-21,3.71709183673469,11,2024-09-21 04:10:00-03:00,2024-09-21 05:50:00-03:00,2,3,3,3,11,0,4,True
5,1,2024-09-23,0.0,12,2024-09-23 04:00:00-03:00,2024-09-23 05:50:00-03:00,3,3,3,3,12,0,4,True
5,1,2024-09-24,0.0,12,2024-09-24 04:00:00-03:00,2024-09-24 05:50:00-03:00,3,3,3,3,12,0,4,True
5,1,2024-09-25,0.0,12,2024-09-25 04:00:00-03:00,2024-09-25 05:50:00-03:00,3,3,3,3,12,0,4,True
5,1,2024-09-26,0.0,12,2024-09-26 04:00:00-03:00,2024-09-26 05:50:00-03:00,3,3,3,3,12,0,4,True
5,1,2024-09-27,0.0,12,2024-09-27 04:00:00-03:00,2024-09-27 05:50:00-03:00,3,3,3,3,12,0,4,True
5,1,2024-09-28,0.0,12,2024-09-28 04:00:00-03:00,2024-09-28 05:50:00-03:00,3,3,3,3,12,0,4,True
5,1,2024-09-29,0.0,12,2024-09-29 04:00:00-03:00,2024-09-29 05:50:00-03:00,3,3,3,3,12,0,4,True
5,1,2024-09-30,0.0,12,2024-09-30 04:00:00-03:00,2024-09-30 05:50:00-03:00,3,3,3,3,12,0,4,True
5,1,2024-10-01,0.0,12,2024-10-01 04:00:00-03:00,2024-10-01 05:50:00-03:00,3,3,3,3,12,0,4,True
5,1,2024-10-02,0.0,12,2024-10-02 04:00:00-03:00,2024-10-02 05:50:00-03:00,3,3,3,3,12,0,4,True
5,1,2024-10-03,0.0,12,2024-10-03 04:00:00-03:00,2024-10-03 05:50:00-03:00,3,3,3,3,12,0,4,True
5,1,2024-10-04,0.0,12,2024-10-04 04:00:00-03:00,2024-10-04 05:50:00-03:00,3,3,3,3,12,0,4,True
5,1,2024-10-05,0.0,12,2024-10-05 04:00:00-03:00,2024-10-05 05:50:00-03:00,3,3,3,3,12,0,4,True
5,1,2024-10-06,0.0,12,2024-10-06 04:00:00-03:00,2024-10-06 05:50:00-03:00,3,3,3,3,12,0,4,True
5,1,2024-10-07,0.0,12,2024-10-07 04:00:00-03:00,2024-10-07 05:50:00-03:00,3,3,3,3,12,0,4,True
5,1,2024-10-08,0.0,12,2024-10-08 04:00:00-03:00,2024-10-08 05:50:00-03:00,3,3,3,3,12,0,4,True
5,1,2024-10-09,0.0,12,2024-10-09 04:00:00-03:00,2024-10-09 05:50:00-03:00,3,3,3,3,12,0,4,True
5,1,2024-10-10,0.0,12,2024-10-10 04:00:00-03:00,2024-10-10 05:50:00-03:00,3,3,3,3,12,0,4,True
5,1,2024-10-11,0.0,12,2024-10-11 04:00:00-03:00,2024-10-11 05:50:00-03:00,3,3,3,3,12,0,4,True
5,1,2024-10-12,0.0,12,2024-10-12 04:00:00-03:00,2024-10-12 05:50:00-03:00,3,3,3,3,12,0,4,True
5,1,2024-10-13,0.0,12,2024-10-13 04:00:00-03:00,2024-10-13 05:50:00-03:00,3,3,3,3,12,0,4,True
5,1,2024-10-14,0.0,12,2024-10-14 04:00:00-03:00,2024-10-14 05:50:00-03:00,3,3,3,3,12,0,4,True
5,1,2024-10-15,0.0,12,2024-10-15 04:00:00-03:00,2024-10-15 05:50:00-03:00,3,3,3,3,12,0,4,True
5,1,2024-10-16,0.0,12,2024-10-16 04:00:00-03:00,2024-10-16 05:50:00-03:00,3,3,3,3,12,0,4,True
5,1,2024-10-17,0.0,12,2024-10-17 04:00:00-03:00,2024-10-17 05:50:00-03:00,3,3,3,3,12,0,4,True
5,91,2025-03-14,0.0,12,2025-03-14 04:00:00-03:00,2025-03-14 05:50:00-03:00,3,3,3,3,12,0,4,True
5,91,2025-03-15,0.0,12,2025-03-15 04:00:00-03:00,2025-03-15 05:50:00-03:00,3,3,3,3,12,0,4,True
5,91,2025-03-16,0.0,12,2025-03-16 04:00:00-03:00,2025-03-16 05:50:00-03:00,3,3,3,3,12,0,4,True
5,91,2025-03-17,0.0,12,2025-03-17 04:00:00-03:00,2025-03-17 05:50:00-03:00,3,3,3,3,12,0,4,True
5,91,2025-03-18,0.0,12,2025-03-18 04:00:00-03:00,2025-03-18 05:50:00-03:00,3,3,3,3,12,0,4,True
5,91,2025-03-19,0.0,12,2025-03-19 04:00:00-03:00,2025-03-19 05:50:00-03:00,3,3,3,3,12,0,4,True
5,91,2025-03-20,0.0,12,2025-03-20 04:00:00-03:00,2025-03-20 05:50:00-03:00,3,3,3,3,12,0,4,True
5,91,2025-03-21,0.0,12,2025-03-21 04:00:00-03:00,2025-03-21 05:50:00-03:00,3,3,3,3,12,0,4,True
5,91,2025-03-22,0.0,12,2025-03-22 04:00:00-03:00,2025-03-22 05:50:00-03:00,3,3,3,3,12,0,4,True
5,91,2025-03-23,0.0,10,2025-03-23 04:00:00-03:00,2025-03-23 05:50:00-03:00,2,2,3,3,10,0,4,True
5,91,2025-03-24,0.0,12,2025-03-24 04:00:00-03:00,2025-03-24 05:50:00-03:00,3,3,3,3,12,0,4,True
5,91,2025-03-25,0.0,12,2025-03-25 04:00:00-03:00,2025-03-25 05:50:00-03:00,3,3,3,3,12,0,4,True
5,91,2025-03-26,0.0,12,2025-03-26 04:00:00-03:00,2025-03-26 05:50:00-03:00,3,3,3,3,12,0,4,True
5,91,2025-03-27,0.0,12,2025-03-27 04:00:00-03:00,2025-03-27 05:50:00-03:00,3,3,3,3,12,0,4,True
5,91,2025-03-28,0.0,12,2025-03-28 04:00:00-03:00,2025-03-28 05:50:00-03:00,3,3,3,3,12,0,4,True
5,91,2025-03-29,0.0,12,2025-03-29 04:00:00-03:00,2025-03-29 05:50:00-03:00,3,3,3,3,12,0,4,True
5,91,2025-03-30,0.0,12,2025-03-30 04:00:00-03:00,2025-03-30 05:50:00-03:00,3,3,3,3,12,0,4,True
5,91,2025-03-31,0.0,12,2025-03-31 04:00:00-03:00,2025-03-31 05:50:00-03:00,3,3,3,3,12,0,4,True
5,91,2025-04-01,0.0,12,2025-04-01 04:00:00-03:00,2025-04-01 05:50:00-03:00,3,3,3,3,12,0,4,True
5,91,2025-04-02,0.0,12,2025-04-02 04:00:00-03:00,2025-04-02 05:50:00-03:00,3,3,3,3,12,0,4,True
5,91,2025-04-03,0.0,12,2025-04-03 04:00:00-03:00,2025-04-03 05:50:00-03:00,3,3,3,3,12,0,4,True
5,91,2025-04-04,0.0,12,2025-04-04 04:00:00-03:00,2025-04-04 05:50:00-03:00,3,3,3,3,12,0,4,True
5,91,2025-04-05,0.0,12,2025-04-05 04:00:00-03:00,2025-04-05 05:50:00-03:00,3,3,3,3,12,0,4,True
5,91,2025-04-06,0.0,12,2025-04-06 04:00:00-03:00,2025-04-06 05:50:00-03:00,3,3,3,3,12,0,4,True
5,91,2025-04-07,0.0,12,2025-04-07 04:00:00-03:00,2025-04-07 05:50:00-03:00,3,3,3,3,12,0,4,True
5,91,2025-04-08,0.0,12,2025-04-08 04:00:00-03:00,2025-04-08 05:50:00-03:00,3,3,3,3,12,0,4,True
6,2,2024-09-23,0.143877551020408,12,2024-09-23 04:00:00-03:00,2024-09-23 05:50:00-03:00,3,3,3,3,12,0,4,True
6,2,2024-09-24,0.143877551020408,12,2024-09-24 04:00:00-03:00,2024-09-24 05:50:00-03:00,3,3,3,3,12,0,4,True
6,2,2024-09-25,0.143877551020408,12,2024-09-25 04:00:00-03:00,2024-09-25 05:50:00-03:00,3,3,3,3,12,0,4,True
6,2,2024-09-26,0.143877551020408,12,2024-09-26 04:00:00-03:00,2024-09-26 05:50:00-03:00,3,3,3,3,12,0,4,True
6,2,2024-09-27,0.143877551020408,12,2024-09-27 04:00:00-03:00,2024-09-27 05:50:00-03:00,3,3,3,3,12,0,4,True
6,2,2024-09-28,0.143877551020408,12,2024-09-28 04:00:00-03:00,2024-09-28 05:50:00-03:00,3,3,3,3,12,0,4,True
6,2,2024-09-29,0.143877551020408,12,2024-09-29 04:00:00-03:00,2024-09-29 05:50:00-03:00,3,3,3,3,12,0,4,True
6,2,2024-09-30,0.143877551020408,12,2024-09-30 04:00:00-03:00,2024-09-30 05:50:00-03:00,3,3,3,3,12,0,4,True
6,2,2024-10-01,0.143877551020408,12,2024-10-01 04:00:00-03:00,2024-10-01 05:50:00-03:00,3,3,3,3,12,0,4,True
6,2,2024-10-02,0.143877551020408,12,2024-10-02 04:00:00-03:00,2024-10-02 05:50:00-03:00,3,3,3,3,12,0,4,True
6,2,2024-10-03,0.143877551020408,12,2024-10-03 04:00:00-03:00,2024-10-03 05:50:00-03:00,3,3,3,3,12,0,4,True
6,2,2024-10-04,0.143877551020408,12,2024-10-04 04:00:00-03:00,2024-10-04 05:50:00-03:00,3,3,3,3,12,0,4,True
6,2,2024-10-05,0.143877551020408,12,2024-10-05 04:00:00-03:00,2024-10-05 05:50:00-03:00,3,3,3,3,12,0,4,True
6,2,2024-10-06,0.143877551020408,12,2024-10-06 04:00:00-03:00,2024-10-06 05:50:00-03:00,3,3,3,3,12,0,4,True
6,2,2024-10-07,0.143877551020408,12,2024-10-07 04:00:00-03:00,2024-10-07 05:50:00-03:00,3,3,3,3,12,0,4,True
6,2,2024-10-08,0.143877551020408,12,2024-10-08 04:00:00-03:00,2024-10-08 05:50:00-03:00,3,3,3,3,12,0,4,True
6,2,2024-10-09,0.143877551020408,12,2024-10-09 04:00:00-03:00,2024-10-09 05:50:00-03:00,3,3,3,3,12,0,4,True
6,2,2024-10-10,0.143877551020408,12,2024-10-10 04:00:00-03:00,2024-10-10 05:50:00-03:00,3,3,3,3,12,0,4,True
6,2,2024-10-11,0.143877551020408,12,2024-10-11 04:00:00-03:00,2024-10-11 05:50:00-03:00,3,3,3,3,12,0,4,True
6,2,2024-10-12,0.143877551020408,12,2024-10-12 04:00:00-03:00,2024-10-12 05:50:00-03:00,3,3,3,3,12,0,4,True
6,2,2024-10-13,0.143877551020408,12,2024-10-13 04:00:00-03:00,2024-10-13 05:50:00-03:00,3,3,3,3,12,0,4,True
6,2,2024-10-14,0.143877551020408,12,2024-10-14 04:00:00-03:00,2024-10-14 05:50:00-03:00,3,3,3,3,12,0,4,True
6,2,2024-10-15,0.143877551020408,12,2024-10-15 04:00:00-03:00,2024-10-15 05:50:00-03:00,3,3,3,3,12,0,4,True
6,2,2024-10-16,0.143877551020408,11,2024-10-16 04:00:00-03:00,2024-10-16 05:50:00-03:00,3,3,3,2,11,0,4,True
7,5,2024-09-23,0.161734693877551,12,2024-09-23 04:00:00-03:00,2024-09-23 05:50:00-03:00,3,3,3,3,12,0,4,True
7,5,2024-09-24,0.161734693877551,12,2024-09-24 04:00:00-03:00,2024-09-24 05:50:00-03:00,3,3,3,3,12,0,4,True
7,5,2024-09-25,0.161734693877551,12,2024-09-25 04:00:00-03:00,2024-09-25 05:50:00-03:00,3,3,3,3,12,0,4,True
7,5,2024-09-26,0.161734693877551,12,2024-09-26 04:00:00-03:00,2024-09-26 05:50:00-03:00,3,3,3,3,12,0,4,True
7,5,2024-09-27,0.161734693877551,12,2024-09-27 04:00:00-03:00,2024-09-27 05:50:00-03:00,3,3,3,3,12,0,4,True
7,5,2024-09-28,0.161734693877551,12,2024-09-28 04:00:00-03:00,2024-09-28 05:50:00-03:00,3,3,3,3,12,0,4,True
7,5,2024-09-29,0.161734693877551,12,2024-09-29 04:00:00-03:00,2024-09-29 05:50:00-03:00,3,3,3,3,12,0,4,True
7,5,2024-09-30,0.161734693877551,12,2024-09-30 04:00:00-03:00,2024-09-30 05:50:00-03:00,3,3,3,3,12,0,4,True
7,5,2024-10-01,0.161734693877551,12,2024-10-01 04:00:00-03:00,2024-10-01 05:50:00-03:00,3,3,3,3,12,0,4,True
7,5,2024-10-02,0.161734693877551,12,2024-10-02 04:00:00-03:00,2024-10-02 05:50:00-03:00,3,3,3,3,12,0,4,True
7,5,2024-10-03,0.161734693877551,12,2024-10-03 04:00:00-03:00,2024-10-03 05:50:00-03:00,3,3,3,3,12,0,4,True
7,5,2024-10-04,0.161734693877551,12,2024-10-04 04:00:00-03:00,2024-10-04 05:50:00-03:00,3,3,3,3,12,0,4,True
7,5,2024-10-05,0.161734693877551,12,2024-10-05 04:00:00-03:00,2024-10-05 05:50:00-03:00,3,3,3,3,12,0,4,True
7,5,2024-10-06,0.161734693877551,12,2024-10-06 04:00:00-03:00,2024-10-06 05:50:00-03:00,3,3,3,3,12,0,4,True
7,5,2024-10-07,0.161734693877551,12,2024-10-07 04:00:00-03:00,2024-10-07 05:50:00-03:00,3,3,3,3,12,0,4,True
7,5,2024-10-08,0.161734693877551,12,2024-10-08 04:00:00-03:00,2024-10-08 05:50:00-03:00,3,3,3,3,12,0,4,True
7,5,2024-10-09,0.161734693877551,12,2024-10-09 04:00:00-03:00,2024-10-09 05:50:00-03:00,3,3,3,3,12,0,4,True
7,5,2024-10-10,0.161734693877551,12,2024-10-10 04:00:00-03:00,2024-10-10 05:50:00-03:00,3,3,3,3,12,0,4,True
7,5,2024-10-11,0.161734693877551,12,2024-10-11 04:00:00-03:00,2024-10-11 05:50:00-03:00,3,3,3,3,12,0,4,True
7,5,2024-10-12,0.161734693877551,12,2024-10-12 04:00:00-03:00,2024-10-12 05:50:00-03:00,3,3,3,3,12,0,4,True
7,5,2024-10-13,0.161734693877551,12,2024-10-13 04:00:00-03:00,2024-10-13 05:50:00-03:00,3,3,3,3,12,0,4,True
7,5,2024-10-14,0.161734693877551,12,2024-10-14 04:00:00-03:00,2024-10-14 05:50:00-03:00,3,3,3,3,12,0,4,True
7,5,2024-10-15,0.161734693877551,12,2024-10-15 04:00:00-03:00,2024-10-15 05:50:00-03:00,3,3,3,3,12,0,4,True
7,5,2024-10-16,0.161734693877551,12,2024-10-16 04:00:00-03:00,2024-10-16 05:50:00-03:00,3,3,3,3,12,0,4,True
7,5,2024-10-17,0.161734693877551,9,2024-10-17 04:00:00-03:00,2024-10-17 05:50:00-03:00,3,3,2,1,9,0,4,True
7,90,2025-03-14,0.211616161616162,12,2025-03-14 04:00:00-03:00,2025-03-14 05:50:00-03:00,3,3,3,3,12,0,4,True
7,90,2025-03-15,0.211616161616162,12,2025-03-15 04:00:00-03:00,2025-03-15 05:50:00-03:00,3,3,3,3,12,0,4,True
7,90,2025-03-16,0.211616161616162,12,2025-03-16 04:00:00-03:00,2025-03-16 05:50:00-03:00,3,3,3,3,12,0,4,True
7,90,2025-03-17,0.211616161616162,12,2025-03-17 04:00:00-03:00,2025-03-17 05:50:00-03:00,3,3,3,3,12,0,4,True
7,90,2025-03-18,0.211616161616162,12,2025-03-18 04:00:00-03:00,2025-03-18 05:50:00-03:00,3,3,3,3,12,0,4,True
7,90,2025-03-19,0.211616161616162,12,2025-03-19 04:00:00-03:00,2025-03-19 05:50:00-03:00,3,3,3,3,12,0,4,True
7,90,2025-03-20,0.211616161616162,12,2025-03-20 04:00:00-03:00,2025-03-20 05:50:00-03:00,3,3,3,3,12,0,4,True
7,90,2025-03-21,0.211616161616162,12,2025-03-21 04:00:00-03:00,2025-03-21 05:50:00-03:00,3,3,3,3,12,0,4,True
7,90,2025-03-22,0.211616161616162,12,2025-03-22 04:00:00-03:00,2025-03-22 05:50:00-03:00,3,3,3,3,12,0,4,True
7,90,2025-03-23,0.211616161616162,12,2025-03-23 04:00:00-03:00,2025-03-23 05:50:00-03:00,3,3,3,3,12,0,4,True
7,90,2025-03-24,0.211616161616162,12,2025-03-24 04:00:00-03:00,2025-03-24 05:50:00-03:00,3,3,3,3,12,0,4,True
7,90,2025-03-25,0.211616161616162,12,2025-03-25 04:00:00-03:00,2025-03-25 05:50:00-03:00,3,3,3,3,12,0,4,True
7,90,2025-03-26,0.211616161616162,12,2025-03-26 04:00:00-03:00,2025-03-26 05:50:00-03:00,3,3,3,3,12,0,4,True
7,90,2025-03-27,0.211616161616162,12,2025-03-27 04:00:00-03:00,2025-03-27 05:50:00-03:00,3,3,3,3,12,0,4,True
7,90,2025-03-28,0.211616161616162,12,2025-03-28 04:00:00-03:00,2025-03-28 05:50:00-03:00,3,3,3,3,12,0,4,True
7,90,2025-03-29,0.211616161616162,12,2025-03-29 04:00:00-03:00,2025-03-29 05:50:00-03:00,3,3,3,3,12,0,4,True
7,90,2025-03-30,0.211616161616162,12,2025-03-30 04:00:00-03:00,2025-03-30 05:50:00-03:00,3,3,3,3,12,0,4,True
7,90,2025-03-31,0.211616161616162,12,2025-03-31 04:00:00-03:00,2025-03-31 05:50:00-03:00,3,3,3,3,12,0,4,True
7,90,2025-04-01,0.211616161616162,12,2025-04-01 04:00:00-03:00,2025-04-01 05:50:00-03:00,3,3,3,3,12,0,4,True
7,90,2025-04-02,0.211616161616162,12,2025-04-02 04:00:00-03:00,2025-04-02 05:50:00-03:00,3,3,3,3,12,0,4,True
7,90,2025-04-03,0.211616161616162,12,2025-04-03 04:00:00-03:00,2025-04-03 05:50:00-03:00,3,3,3,3,12,0,4,True
7,90,2025-04-04,0.211616161616162,12,2025-04-04 04:00:00-03:00,2025-04-04 05:50:00-03:00,3,3,3,3,12,0,4,True
7,90,2025-04-05,0.211616161616162,12,2025-04-05 04:00:00-03:00,2025-04-05 05:50:00-03:00,3,3,3,3,12,0,4,True
7,90,2025-04-06,0.211616161616162,12,2025-04-06 04:00:00-03:00,2025-04-06 05:50:00-03:00,3,3,3,3,12,0,4,True
7,90,2025-04-07,0.211616161616162,12,2025-04-07 04:00:00-03:00,2025-04-07 05:50:00-03:00,3,3,3,3,12,0,4,True
7,90,2025-04-08,0.211616161616162,11,2025-04-08 04:00:00-03:00,2025-04-08 05:40:00-03:00,3,3,3,2,11,0,4,True
8,9,2024-09-26,0.798482932996207,12,2024-09-26 04:00:00-03:00,2024-09-26 05:50:00-03:00,3,3,3,3,12,0,4,True
8,9,2024-09-27,0.798482932996207,12,2024-09-27 04:00:00-03:00,2024-09-27 05:50:00-03:00,3,3,3,3,12,0,4,True
8,9,2024-09-28,0.798482932996207,12,2024-09-28 04:00:00-03:00,2024-09-28 05:50:00-03:00,3,3,3,3,12,0,4,True
8,9,2024-09-29,0.798482932996207,12,2024-09-29 04:00:00-03:00,2024-09-29 05:50:00-03:00,3,3,3,3,12,0,4,True
8,9,2024-09-30,0.798482932996207,12,2024-09-30 04:00:00-03:00,2024-09-30 05:50:00-03:00,3,3,3,3,12,0,4,True
8,9,2024-10-01,0.798482932996207,12,2024-10-01 04:00:00-03:00,2024-10-01 05:50:00-03:00,3,3,3,3,12,0,4,True
8,9,2024-10-02,0.798482932996207,12,2024-10-02 04:00:00-03:00,2024-10-02 05:50:00-03:00,3,3,3,3,12,0,4,True
8,9,2024-10-03,0.798482932996207,12,2024-10-03 04:00:00-03:00,2024-10-03 05:50:00-03:00,3,3,3,3,12,0,4,True
8,9,2024-10-04,0.798482932996207,12,2024-10-04 04:00:00-03:00,2024-10-04 05:50:00-03:00,3,3,3,3,12,0,4,True
8,9,2024-10-05,0.798482932996207,12,2024-10-05 04:00:00-03:00,2024-10-05 05:50:00-03:00,3,3,3,3,12,0,4,True
8,9,2024-10-06,0.798482932996207,12,2024-10-06 04:00:00-03:00,2024-10-06 05:50:00-03:00,3,3,3,3,12,0,4,True
8,9,2024-10-07,0.798482932996207,12,2024-10-07 04:00:00-03:00,2024-10-07 05:50:00-03:00,3,3,3,3,12,0,4,True
8,9,2024-10-08,0.798482932996207,12,2024-10-08 04:00:00-03:00,2024-10-08 05:50:00-03:00,3,3,3,3,12,0,4,True
8,9,2024-10-09,0.798482932996207,12,2024-10-09 04:00:00-03:00,2024-10-09 05:50:00-03:00,3,3,3,3,12,0,4,True
8,9,2024-10-10,0.798482932996207,12,2024-10-10 04:00:00-03:00,2024-10-10 05:50:00-03:00,3,3,3,3,12,0,4,True
8,9,2024-10-11,0.798482932996207,12,2024-10-11 04:00:00-03:00,2024-10-11 05:50:00-03:00,3,3,3,3,12,0,4,True
8,9,2024-10-12,0.798482932996207,12,2024-10-12 04:00:00-03:00,2024-10-12 05:50:00-03:00,3,3,3,3,12,0,4,True
8,9,2024-10-13,0.798482932996207,12,2024-10-13 04:00:00-03:00,2024-10-13 05:50:00-03:00,3,3,3,3,12,0,4,True
8,9,2024-10-14,0.798482932996207,12,2024-10-14 04:00:00-03:00,2024-10-14 05:50:00-03:00,3,3,3,3,12,0,4,True
8,9,2024-10-15,0.798482932996207,12,2024-10-15 04:00:00-03:00,2024-10-15 05:50:00-03:00,3,3,3,3,12,0,4,True
8,9,2024-10-16,0.798482932996207,12,2024-10-16 04:00:00-03:00,2024-10-16 05:50:00-03:00,3,3,3,3,12,0,4,True
8,9,2024-10-17,0.798482932996207,12,2024-10-17 04:00:00-03:00,2024-10-17 05:50:00-03:00,3,3,3,3,12,0,4,True
8,9,2024-10-18,0.798482932996207,12,2024-10-18 04:00:00-03:00,2024-10-18 05:50:00-03:00,3,3,3,3,12,0,4,True
8,104,2025-04-09,0.814267515923567,12,2025-04-09 04:00:00-03:00,2025-04-09 05:50:00-03:00,3,3,3,3,12,0,4,True
8,104,2025-04-10,0.814267515923567,12,2025-04-10 04:00:00-03:00,2025-04-10 05:50:00-03:00,3,3,3,3,12,0,4,True
8,104,2025-04-11,0.814267515923567,12,2025-04-11 04:00:00-03:00,2025-04-11 05:50:00-03:00,3,3,3,3,12,0,4,True
8,104,2025-04-12,0.814267515923567,12,2025-04-12 04:00:00-03:00,2025-04-12 05:50:00-03:00,3,3,3,3,12,0,4,True
8,104,2025-04-13,0.814267515923567,12,2025-04-13 04:00:00-03:00,2025-04-13 05:50:00-03:00,3,3,3,3,12,0,4,True
8,104,2025-04-14,0.814267515923567,12,2025-04-14 04:00:00-03:00,2025-04-14 05:50:00-03:00,3,3,3,3,12,0,4,True
8,104,2025-04-15,0.814267515923567,12,2025-04-15 04:00:00-03:00,2025-04-15 05:50:00-03:00,3,3,3,3,12,0,4,True
8,104,2025-04-16,0.814267515923567,12,2025-04-16 04:00:00-03:00,2025-04-16 05:50:00-03:00,3,3,3,3,12,0,4,True
8,104,2025-04-17,0.814267515923567,12,2025-04-17 04:00:00-03:00,2025-04-17 05:50:00-03:00,3,3,3,3,12,0,4,True
8,104,2025-04-18,0.814267515923567,12,2025-04-18 04:00:00-03:00,2025-04-18 05:50:00-03:00,3,3,3,3,12,0,4,True
8,104,2025-04-19,0.814267515923567,12,2025-04-19 04:00:00-03:00,2025-04-19 05:50:00-03:00,3,3,3,3,12,0,4,True
8,104,2025-04-20,0.814267515923567,12,2025-04-20 04:00:00-03:00,2025-04-20 05:50:00-03:00,3,3,3,3,12,0,4,True
8,104,2025-04-21,0.814267515923567,12,2025-04-21 04:00:00-03:00,2025-04-21 05:50:00-03:00,3,3,3,3,12,0,4,True
8,104,2025-04-22,0.814267515923567,12,2025-04-22 04:00:00-03:00,2025-04-22 05:50:00-03:00,3,3,3,3,12,0,4,True
8,104,2025-04-23,0.814267515923567,12,2025-04-23 04:00:00-03:00,2025-04-23 05:50:00-03:00,3,3,3,3,12,0,4,True
8,104,2025-04-24,0.814267515923567,12,2025-04-24 04:00:00-03:00,2025-04-24 05:50:00-03:00,3,3,3,3,12,0,4,True
8,104,2025-04-25,0.814267515923567,12,2025-04-25 04:00:00-03:00,2025-04-25 05:50:00-03:00,3,3,3,3,12,0,4,True
8,104,2025-04-26,0.814267515923567,12,2025-04-26 04:00:00-03:00,2025-04-26 05:50:00-03:00,3,3,3,3,12,0,4,True
8,104,2025-04-27,0.814267515923567,12,2025-04-27 04:00:00-03:00,2025-04-27 05:50:00-03:00,3,3,3,3,12,0,4,True
8,104,2025-04-28,0.814267515923567,12,2025-04-28 04:00:00-03:00,2025-04-28 05:50:00-03:00,3,3,3,3,12,0,4,True
8,104,2025-04-29,0.814267515923567,12,2025-04-29 04:00:00-03:00,2025-04-29 05:50:00-03:00,3,3,3,3,12,0,4,True
8,104,2025-04-30,0.814267515923567,12,2025-04-30 04:00:00-03:00,2025-04-30 05:50:00-03:00,3,3,3,3,12,0,4,True
9,10,2024-09-26,1.42244897959184,12,2024-09-26 04:00:00-03:00,2024-09-26 05:50:00-03:00,3,3,3,3,12,0,4,True
9,10,2024-09-27,1.42244897959184,12,2024-09-27 04:00:00-03:00,2024-09-27 05:50:00-03:00,3,3,3,3,12,0,4,True
9,10,2024-09-28,1.42244897959184,12,2024-09-28 04:00:00-03:00,2024-09-28 05:50:00-03:00,3,3,3,3,12,0,4,True
9,10,2024-09-29,1.42244897959184,12,2024-09-29 04:00:00-03:00,2024-09-29 05:50:00-03:00,3,3,3,3,12,0,4,True
9,10,2024-09-30,1.42244897959184,12,2024-09-30 04:00:00-03:00,2024-09-30 05:50:00-03:00,3,3,3,3,12,0,4,True
9,10,2024-10-01,1.42244897959184,12,2024-10-01 04:00:00-03:00,2024-10-01 05:50:00-03:00,3,3,3,3,12,0,4,True
9,10,2024-10-02,1.42244897959184,12,2024-10-02 04:00:00-03:00,2024-10-02 05:50:00-03:00,3,3,3,3,12,0,4,True
9,10,2024-10-03,1.42244897959184,11,2024-10-03 04:00:00-03:00,2024-10-03 05:50:00-03:00,2,3,3,3,11,0,4,True
9,10,2024-10-04,1.42244897959184,12,2024-10-04 04:00:00-03:00,2024-10-04 05:50:00-03:00,3,3,3,3,12,0,4,True
9,10,2024-10-05,1.42244897959184,12,2024-10-05 04:00:00-03:00,2024-10-05 05:50:00-03:00,3,3,3,3,12,0,4,True
9,10,2024-10-06,1.42244897959184,12,2024-10-06 04:00:00-03:00,2024-10-06 05:50:00-03:00,3,3,3,3,12,0,4,True
9,10,2024-10-07,1.42244897959184,12,2024-10-07 04:00:00-03:00,2024-10-07 05:50:00-03:00,3,3,3,3,12,0,4,True
9,10,2024-10-08,1.42244897959184,12,2024-10-08 04:00:00-03:00,2024-10-08 05:50:00-03:00,3,3,3,3,12,0,4,True
9,10,2024-10-09,1.42244897959184,12,2024-10-09 04:00:00-03:00,2024-10-09 05:50:00-03:00,3,3,3,3,12,0,4,True
9,10,2024-10-10,1.42244897959184,12,2024-10-10 04:00:00-03:00,2024-10-10 05:50:00-03:00,3,3,3,3,12,0,4,True
9,10,2024-10-11,1.42244897959184,12,2024-10-11 04:00:00-03:00,2024-10-11 05:50:00-03:00,3,3,3,3,12,0,4,True
9,10,2024-10-12,1.42244897959184,12,2024-10-12 04:00:00-03:00,2024-10-12 05:50:00-03:00,3,3,3,3,12,0,4,True
9,10,2024-10-13,1.42244897959184,12,2024-10-13 04:00:00-03:00,2024-10-13 05:50:00-03:00,3,3,3,3,12,0,4,True
9,10,2024-10-14,1.42244897959184,12,2024-10-14 04:00:00-03:00,2024-10-14 05:50:00-03:00,3,3,3,3,12,0,4,True
9,10,2024-10-15,1.42244897959184,12,2024-10-15 04:00:00-03:00,2024-10-15 05:50:00-03:00,3,3,3,3,12,0,4,True
9,10,2024-10-16,1.42244897959184,12,2024-10-16 04:00:00-03:00,2024-10-16 05:50:00-03:00,3,3,3,3,12,0,4,True
9,10,2024-10-17,1.42244897959184,11,2024-10-17 04:00:00-03:00,2024-10-17 05:50:00-03:00,3,2,3,3,11,0,4,True
9,10,2024-10-18,1.42244897959184,12,2024-10-18 04:00:00-03:00,2024-10-18 05:50:00-03:00,3,3,3,3,12,0,4,True
9,105,2025-04-09,1.3765903307888,12,2025-04-09 04:00:00-03:00,2025-04-09 05:50:00-03:00,3,3,3,3,12,0,4,True
9,105,2025-04-10,1.3765903307888,12,2025-04-10 04:00:00-03:00,2025-04-10 05:50:00-03:00,3,3,3,3,12,0,4,True
9,105,2025-04-11,1.3765903307888,12,2025-04-11 04:00:00-03:00,2025-04-11 05:50:00-03:00,3,3,3,3,12,0,4,True
9,105,2025-04-12,1.3765903307888,12,2025-04-12 04:00:00-03:00,2025-04-12 05:50:00-03:00,3,3,3,3,12,0,4,True
9,105,2025-04-13,1.3765903307888,12,2025-04-13 04:00:00-03:00,2025-04-13 05:50:00-03:00,3,3,3,3,12,0,4,True
9,105,2025-04-14,1.3765903307888,12,2025-04-14 04:00:00-03:00,2025-04-14 05:50:00-03:00,3,3,3,3,12,0,4,True
9,105,2025-04-15,1.3765903307888,12,2025-04-15 04:00:00-03:00,2025-04-15 05:50:00-03:00,3,3,3,3,12,0,4,True
9,105,2025-04-16,1.3765903307888,12,2025-04-16 04:00:00-03:00,2025-04-16 05:50:00-03:00,3,3,3,3,12,0,4,True
9,105,2025-04-17,1.3765903307888,12,2025-04-17 04:00:00-03:00,2025-04-17 05:50:00-03:00,3,3,3,3,12,0,4,True
9,105,2025-04-18,1.3765903307888,12,2025-04-18 04:00:00-03:00,2025-04-18 05:50:00-03:00,3,3,3,3,12,0,4,True
9,105,2025-04-19,1.3765903307888,10,2025-04-19 04:00:00-03:00,2025-04-19 05:30:00-03:00,3,3,3,1,10,0,4,True
9,105,2025-04-20,1.3765903307888,12,2025-04-20 04:00:00-03:00,2025-04-20 05:50:00-03:00,3,3,3,3,12,0,4,True
9,105,2025-04-21,1.3765903307888,12,2025-04-21 04:00:00-03:00,2025-04-21 05:50:00-03:00,3,3,3,3,12,0,4,True
9,105,2025-04-22,1.3765903307888,12,2025-04-22 04:00:00-03:00,2025-04-22 05:50:00-03:00,3,3,3,3,12,0,4,True
9,105,2025-04-23,1.3765903307888,12,2025-04-23 04:00:00-03:00,2025-04-23 05:50:00-03:00,3,3,3,3,12,0,4,True
9,105,2025-04-24,1.3765903307888,12,2025-04-24 04:00:00-03:00,2025-04-24 05:50:00-03:00,3,3,3,3,12,0,4,True
9,105,2025-04-25,1.3765903307888,12,2025-04-25 04:00:00-03:00,2025-04-25 05:50:00-03:00,3,3,3,3,12,0,4,True
9,105,2025-04-26,1.3765903307888,12,2025-04-26 04:00:00-03:00,2025-04-26 05:50:00-03:00,3,3,3,3,12,0,4,True
9,105,2025-04-27,1.3765903307888,12,2025-04-27 04:00:00-03:00,2025-04-27 05:50:00-03:00,3,3,3,3,12,0,4,True
9,105,2025-04-28,1.3765903307888,12,2025-04-28 04:00:00-03:00,2025-04-28 05:50:00-03:00,3,3,3,3,12,0,4,True
9,105,2025-04-29,1.3765903307888,12,2025-04-29 04:00:00-03:00,2025-04-29 05:50:00-03:00,3,3,3,3,12,0,4,True
9,105,2025-04-30,1.3765903307888,12,2025-04-30 04:00:00-03:00,2025-04-30 05:50:00-03:00,3,3,3,3,12,0,4,True
10,11,2024-09-26,0.924137931034483,12,2024-09-26 04:00:00-03:00,2024-09-26 05:50:00-03:00,3,3,3,3,12,0,4,True
10,11,2024-09-27,0.924137931034483,12,2024-09-27 04:00:00-03:00,2024-09-27 05:50:00-03:00,3,3,3,3,12,0,4,True
10,11,2024-09-28,0.924137931034483,12,2024-09-28 04:00:00-03:00,2024-09-28 05:50:00-03:00,3,3,3,3,12,0,4,True
10,11,2024-09-29,0.924137931034483,12,2024-09-29 04:00:00-03:00,2024-09-29 05:50:00-03:00,3,3,3,3,12,0,4,True
10,11,2024-09-30,0.924137931034483,12,2024-09-30 04:00:00-03:00,2024-09-30 05:50:00-03:00,3,3,3,3,12,0,4,True
10,11,2024-10-01,0.924137931034483,12,2024-10-01 04:00:00-03:00,2024-10-01 05:50:00-03:00,3,3,3,3,12,0,4,True
10,11,2024-10-02,0.924137931034483,12,2024-10-02 04:00:00-03:00,2024-10-02 05:50:00-03:00,3,3,3,3,12,0,4,True
10,11,2024-10-03,0.924137931034483,12,2024-10-03 04:00:00-03:00,2024-10-03 05:50:00-03:00,3,3,3,3,12,0,4,True
10,11,2024-10-04,0.924137931034483,12,2024-10-04 04:00:00-03:00,2024-10-04 05:50:00-03:00,3,3,3,3,12,0,4,True
10,11,2024-10-05,0.924137931034483,12,2024-10-05 04:00:00-03:00,2024-10-05 05:50:00-03:00,3,3,3,3,12,0,4,True
10,11,2024-10-06,0.924137931034483,12,2024-10-06 04:00:00-03:00,2024-10-06 05:50:00-03:00,3,3,3,3,12,0,4,True
10,11,2024-10-07,0.924137931034483,12,2024-10-07 04:00:00-03:00,2024-10-07 05:50:00-03:00,3,3,3,3,12,0,4,True
10,11,2024-10-08,0.924137931034483,12,2024-10-08 04:00:00-03:00,2024-10-08 05:50:00-03:00,3,3,3,3,12,0,4,True
10,11,2024-10-09,0.924137931034483,12,2024-10-09 04:00:00-03:00,2024-10-09 05:50:00-03:00,3,3,3,3,12,0,4,True
10,11,2024-10-10,0.924137931034483,12,2024-10-10 04:00:00-03:00,2024-10-10 05:50:00-03:00,3,3,3,3,12,0,4,True
10,11,2024-10-11,0.924137931034483,11,2024-10-11 04:00:00-03:00,2024-10-11 05:50:00-03:00,3,2,3,3,11,0,4,True
10,11,2024-10-12,0.924137931034483,12,2024-10-12 04:00:00-03:00,2024-10-12 05:50:00-03:00,3,3,3,3,12,0,4,True
10,11,2024-10-13,0.924137931034483,12,2024-10-13 04:00:00-03:00,2024-10-13 05:50:00-03:00,3,3,3,3,12,0,4,True
10,11,2024-10-14,0.924137931034483,12,2024-10-14 04:00:00-03:00,2024-10-14 05:50:00-03:00,3,3,3,3,12,0,4,True
10,11,2024-10-15,0.924137931034483,12,2024-10-15 04:00:00-03:00,2024-10-15 05:50:00-03:00,3,3,3,3,12,0,4,True
10,11,2024-10-16,0.924137931034483,12,2024-10-16 04:00:00-03:00,2024-10-16 05:50:00-03:00,3,3,3,3,12,0,4,True
10,11,2024-10-17,0.924137931034483,12,2024-10-17 04:00:00-03:00,2024-10-17 05:50:00-03:00,3,3,3,3,12,0,4,True
10,11,2024-10-18,0.924137931034483,12,2024-10-18 04:00:00-03:00,2024-10-18 05:50:00-03:00,3,3,3,3,12,0,4,True
10,106,2025-04-09,0.920051085568327,12,2025-04-09 04:00:00-03:00,2025-04-09 05:50:00-03:00,3,3,3,3,12,0,4,True
10,106,2025-04-10,0.920051085568327,12,2025-04-10 04:00:00-03:00,2025-04-10 05:50:00-03:00,3,3,3,3,12,0,4,True
10,106,2025-04-11,0.920051085568327,12,2025-04-11 04:00:00-03:00,2025-04-11 05:50:00-03:00,3,3,3,3,12,0,4,True
10,106,2025-04-12,0.920051085568327,12,2025-04-12 04:00:00-03:00,2025-04-12 05:50:00-03:00,3,3,3,3,12,0,4,True
10,106,2025-04-13,0.920051085568327,12,2025-04-13 04:00:00-03:00,2025-04-13 05:50:00-03:00,3,3,3,3,12,0,4,True
10,106,2025-04-14,0.920051085568327,12,2025-04-14 04:00:00-03:00,2025-04-14 05:50:00-03:00,3,3,3,3,12,0,4,True
10,106,2025-04-15,0.920051085568327,12,2025-04-15 04:00:00-03:00,2025-04-15 05:50:00-03:00,3,3,3,3,12,0,4,True
10,106,2025-04-16,0.920051085568327,12,2025-04-16 04:00:00-03:00,2025-04-16 05:50:00-03:00,3,3,3,3,12,0,4,True
10,106,2025-04-17,0.920051085568327,12,2025-04-17 04:00:00-03:00,2025-04-17 05:50:00-03:00,3,3,3,3,12,0,4,True
10,106,2025-04-18,0.920051085568327,12,2025-04-18 04:00:00-03:00,2025-04-18 05:50:00-03:00,3,3,3,3,12,0,4,True
10,106,2025-04-19,0.920051085568327,12,2025-04-19 04:00:00-03:00,2025-04-19 05:50:00-03:00,3,3,3,3,12,0,4,True
10,106,2025-04-20,0.920051085568327,12,2025-04-20 04:00:00-03:00,2025-04-20 05:50:00-03:00,3,3,3,3,12,0,4,True
10,106,2025-04-21,0.920051085568327,12,2025-04-21 04:00:00-03:00,2025-04-21 05:50:00-03:00,3,3,3,3,12,0,4,True
10,106,2025-04-22,0.920051085568327,12,2025-04-22 04:00:00-03:00,2025-04-22 05:50:00-03:00,3,3,3,3,12,0,4,True
10,106,2025-04-23,0.920051085568327,12,2025-04-23 04:00:00-03:00,2025-04-23 05:50:00-03:00,3,3,3,3,12,0,4,True
10,106,2025-04-24,0.920051085568327,12,2025-04-24 04:00:00-03:00,2025-04-24 05:50:00-03:00,3,3,3,3,12,0,4,True
10,106,2025-04-25,0.920051085568327,12,2025-04-25 04:00:00-03:00,2025-04-25 05:50:00-03:00,3,3,3,3,12,0,4,True
10,106,2025-04-26,0.920051085568327,12,2025-04-26 04:00:00-03:00,2025-04-26 05:50:00-03:00,3,3,3,3,12,0,4,True
10,106,2025-04-27,0.920051085568327,12,2025-04-27 04:00:00-03:00,2025-04-27 05:50:00-03:00,3,3,3,3,12,0,4,True
10,106,2025-04-28,0.920051085568327,12,2025-04-28 04:00:00-03:00,2025-04-28 05:50:00-03:00,3,3,3,3,12,0,4,True
10,106,2025-04-29,0.920051085568327,12,2025-04-29 04:00:00-03:00,2025-04-29 05:50:00-03:00,3,3,3,3,12,0,4,True
10,106,2025-04-30,0.920051085568327,12,2025-04-30 04:00:00-03:00,2025-04-30 05:50:00-03:00,3,3,3,3,12,0,4,True
11,33,2024-09-26,2.31868686868687,12,2024-09-26 04:00:00-03:00,2024-09-26 05:50:00-03:00,3,3,3,3,12,0,4,True
11,33,2024-09-27,2.31868686868687,12,2024-09-27 04:00:00-03:00,2024-09-27 05:50:00-03:00,3,3,3,3,12,0,4,True
11,33,2024-09-28,2.31868686868687,12,2024-09-28 04:00:00-03:00,2024-09-28 05:50:00-03:00,3,3,3,3,12,0,4,True
11,33,2024-09-29,2.31868686868687,12,2024-09-29 04:00:00-03:00,2024-09-29 05:50:00-03:00,3,3,3,3,12,0,4,True
11,33,2024-09-30,2.31868686868687,12,2024-09-30 04:00:00-03:00,2024-09-30 05:50:00-03:00,3,3,3,3,12,0,4,True
11,33,2024-10-01,2.31868686868687,12,2024-10-01 04:00:00-03:00,2024-10-01 05:50:00-03:00,3,3,3,3,12,0,4,True
11,33,2024-10-02,2.31868686868687,7,2024-10-02 04:00:00-03:00,2024-10-02 05:00:00-03:00,3,3,1,0,7,0,3,False
11,33,2024-10-03,2.31868686868687,12,2024-10-03 04:00:00-03:00,2024-10-03 05:50:00-03:00,3,3,3,3,12,0,4,True
11,33,2024-10-04,2.31868686868687,12,2024-10-04 04:00:00-03:00,2024-10-04 05:50:00-03:00,3,3,3,3,12,0,4,True
11,33,2024-10-05,2.31868686868687,12,2024-10-05 04:00:00-03:00,2024-10-05 05:50:00-03:00,3,3,3,3,12,0,4,True
11,33,2024-10-06,2.31868686868687,12,2024-10-06 04:00:00-03:00,2024-10-06 05:50:00-03:00,3,3,3,3,12,0,4,True
11,33,2024-10-07,2.31868686868687,12,2024-10-07 04:00:00-03:00,2024-10-07 05:50:00-03:00,3,3,3,3,12,0,4,True
11,33,2024-10-08,2.31868686868687,12,2024-10-08 04:00:00-03:00,2024-10-08 05:50:00-03:00,3,3,3,3,12,0,4,True
11,33,2024-10-09,2.31868686868687,12,2024-10-09 04:00:00-03:00,2024-10-09 05:50:00-03:00,3,3,3,3,12,0,4,True
11,33,2024-10-10,2.31868686868687,12,2024-10-10 04:00:00-03:00,2024-10-10 05:50:00-03:00,3,3,3,3,12,0,4,True
11,33,2024-10-11,2.31868686868687,12,2024-10-11 04:00:00-03:00,2024-10-11 05:50:00-03:00,3,3,3,3,12,0,4,True
11,33,2024-10-12,2.31868686868687,12,2024-10-12 04:00:00-03:00,2024-10-12 05:50:00-03:00,3,3,3,3,12,0,4,True
11,33,2024-10-13,2.31868686868687,12,2024-10-13 04:00:00-03:00,2024-10-13 05:50:00-03:00,3,3,3,3,12,0,4,True
11,33,2024-10-14,2.31868686868687,12,2024-10-14 04:00:00-03:00,2024-10-14 05:50:00-03:00,3,3,3,3,12,0,4,True
11,33,2024-10-15,2.31868686868687,12,2024-10-15 04:00:00-03:00,2024-10-15 05:50:00-03:00,3,3,3,3,12,0,4,True
11,33,2024-10-16,2.31868686868687,12,2024-10-16 04:00:00-03:00,2024-10-16 05:50:00-03:00,3,3,3,3,12,0,4,True
11,33,2024-10-17,2.31868686868687,12,2024-10-17 04:00:00-03:00,2024-10-17 05:50:00-03:00,3,3,3,3,12,0,4,True
11,33,2024-10-18,2.31868686868687,12,2024-10-18 04:00:00-03:00,2024-10-18 05:50:00-03:00,3,3,3,3,12,0,4,True
11,107,2025-04-09,2.31173469387755,12,2025-04-09 04:00:00-03:00,2025-04-09 05:50:00-03:00,3,3,3,3,12,0,4,True
11,107,2025-04-10,2.31173469387755,12,2025-04-10 04:00:00-03:00,2025-04-10 05:50:00-03:00,3,3,3,3,12,0,4,True
11,107,2025-04-11,2.31173469387755,12,2025-04-11 04:00:00-03:00,2025-04-11 05:50:00-03:00,3,3,3,3,12,0,4,True
11,107,2025-04-12,2.31173469387755,12,2025-04-12 04:00:00-03:00,2025-04-12 05:50:00-03:00,3,3,3,3,12,0,4,True
11,107,2025-04-13,2.31173469387755,12,2025-04-13 04:00:00-03:00,2025-04-13 05:50:00-03:00,3,3,3,3,12,0,4,True
11,107,2025-04-14,2.31173469387755,12,2025-04-14 04:00:00-03:00,2025-04-14 05:50:00-03:00,3,3,3,3,12,0,4,True
11,107,2025-04-15,2.31173469387755,12,2025-04-15 04:00:00-03:00,2025-04-15 05:50:00-03:00,3,3,3,3,12,0,4,True
11,107,2025-04-16,2.31173469387755,12,2025-04-16 04:00:00-03:00,2025-04-16 05:50:00-03:00,3,3,3,3,12,0,4,True
11,107,2025-04-17,2.31173469387755,12,2025-04-17 04:00:00-03:00,2025-04-17 05:50:00-03:00,3,3,3,3,12,0,4,True
11,107,2025-04-18,2.31173469387755,12,2025-04-18 04:00:00-03:00,2025-04-18 05:50:00-03:00,3,3,3,3,12,0,4,True
11,107,2025-04-19,2.31173469387755,12,2025-04-19 04:00:00-03:00,2025-04-19 05:50:00-03:00,3,3,3,3,12,0,4,True
11,107,2025-04-20,2.31173469387755,12,2025-04-20 04:00:00-03:00,2025-04-20 05:50:00-03:00,3,3,3,3,12,0,4,True
11,107,2025-04-21,2.31173469387755,12,2025-04-21 04:00:00-03:00,2025-04-21 05:50:00-03:00,3,3,3,3,12,0,4,True
11,107,2025-04-22,2.31173469387755,12,2025-04-22 04:00:00-03:00,2025-04-22 05:50:00-03:00,3,3,3,3,12,0,4,True
11,107,2025-04-23,2.31173469387755,12,2025-04-23 04:00:00-03:00,2025-04-23 05:50:00-03:00,3,3,3,3,12,0,4,True
11,107,2025-04-24,2.31173469387755,12,2025-04-24 04:00:00-03:00,2025-04-24 05:50:00-03:00,3,3,3,3,12,0,4,True
11,107,2025-04-25,2.31173469387755,12,2025-04-25 04:00:00-03:00,2025-04-25 05:50:00-03:00,3,3,3,3,12,0,4,True
11,107,2025-04-26,2.31173469387755,12,2025-04-26 04:00:00-03:00,2025-04-26 05:50:00-03:00,3,3,3,3,12,0,4,True
11,107,2025-04-27,2.31173469387755,12,2025-04-27 04:00:00-03:00,2025-04-27 05:50:00-03:00,3,3,3,3,12,0,4,True
11,107,2025-04-28,2.31173469387755,12,2025-04-28 04:00:00-03:00,2025-04-28 05:50:00-03:00,3,3,3,3,12,0,4,True
11,107,2025-04-29,2.31173469387755,12,2025-04-29 04:00:00-03:00,2025-04-29 05:50:00-03:00,3,3,3,3,12,0,4,True
11,107,2025-04-30,2.31173469387755,12,2025-04-30 04:00:00-03:00,2025-04-30 05:50:00-03:00,3,3,3,3,12,0,4,True
12,37,2024-09-26,2.88193384223919,12,2024-09-26 04:00:00-03:00,2024-09-26 05:50:00-03:00,3,3,3,3,12,0,4,True
12,37,2024-09-27,2.88193384223919,12,2024-09-27 04:00:00-03:00,2024-09-27 05:50:00-03:00,3,3,3,3,12,0,4,True
12,37,2024-09-28,2.88193384223919,12,2024-09-28 04:00:00-03:00,2024-09-28 05:50:00-03:00,3,3,3,3,12,0,4,True
12,37,2024-09-29,2.88193384223919,12,2024-09-29 04:00:00-03:00,2024-09-29 05:50:00-03:00,3,3,3,3,12,0,4,True
12,37,2024-09-30,2.88193384223919,12,2024-09-30 04:00:00-03:00,2024-09-30 05:50:00-03:00,3,3,3,3,12,0,4,True
12,37,2024-10-01,2.88193384223919,12,2024-10-01 04:00:00-03:00,2024-10-01 05:50:00-03:00,3,3,3,3,12,0,4,True
12,37,2024-10-02,2.88193384223919,12,2024-10-02 04:00:00-03:00,2024-10-02 05:50:00-03:00,3,3,3,3,12,0,4,True
12,37,2024-10-03,2.88193384223919,12,2024-10-03 04:00:00-03:00,2024-10-03 05:50:00-03:00,3,3,3,3,12,0,4,True
12,37,2024-10-04,2.88193384223919,12,2024-10-04 04:00:00-03:00,2024-10-04 05:50:00-03:00,3,3,3,3,12,0,4,True
12,37,2024-10-05,2.88193384223919,12,2024-10-05 04:00:00-03:00,2024-10-05 05:50:00-03:00,3,3,3,3,12,0,4,True
12,37,2024-10-06,2.88193384223919,12,2024-10-06 04:00:00-03:00,2024-10-06 05:50:00-03:00,3,3,3,3,12,0,4,True
12,37,2024-10-07,2.88193384223919,12,2024-10-07 04:00:00-03:00,2024-10-07 05:50:00-03:00,3,3,3,3,12,0,4,True
12,37,2024-10-08,2.88193384223919,12,2024-10-08 04:00:00-03:00,2024-10-08 05:50:00-03:00,3,3,3,3,12,0,4,True
12,37,2024-10-09,2.88193384223919,12,2024-10-09 04:00:00-03:00,2024-10-09 05:50:00-03:00,3,3,3,3,12,0,4,True
12,37,2024-10-10,2.88193384223919,12,2024-10-10 04:00:00-03:00,2024-10-10 05:50:00-03:00,3,3,3,3,12,0,4,True
12,37,2024-10-11,2.88193384223919,12,2024-10-11 04:00:00-03:00,2024-10-11 05:50:00-03:00,3,3,3,3,12,0,4,True
12,37,2024-10-12,2.88193384223919,11,2024-10-12 04:00:00-03:00,2024-10-12 05:40:00-03:00,3,3,3,2,11,0,4,True
12,37,2024-10-13,2.88193384223919,12,2024-10-13 04:00:00-03:00,2024-10-13 05:50:00-03:00,3,3,3,3,12,0,4,True
12,37,2024-10-14,2.88193384223919,12,2024-10-14 04:00:00-03:00,2024-10-14 05:50:00-03:00,3,3,3,3,12,0,4,True
12,37,2024-10-15,2.88193384223919,12,2024-10-15 04:00:00-03:00,2024-10-15 05:50:00-03:00,3,3,3,3,12,0,4,True
12,37,2024-10-16,2.88193384223919,12,2024-10-16 04:00:00-03:00,2024-10-16 05:50:00-03:00,3,3,3,3,12,0,4,True
12,37,2024-10-17,2.88193384223919,12,2024-10-17 04:00:00-03:00,2024-10-17 05:50:00-03:00,3,3,3,3,12,0,4,True
12,37,2024-10-18,2.88193384223919,12,2024-10-18 04:00:00-03:00,2024-10-18 05:50:00-03:00,3,3,3,3,12,0,4,True
12,108,2025-04-09,2.93148614609572,11,2025-04-09 04:00:00-03:00,2025-04-09 05:50:00-03:00,3,3,3,2,11,0,4,True
12,108,2025-04-10,2.93148614609572,12,2025-04-10 04:00:00-03:00,2025-04-10 05:50:00-03:00,3,3,3,3,12,0,4,True
12,108,2025-04-11,2.93148614609572,12,2025-04-11 04:00:00-03:00,2025-04-11 05:50:00-03:00,3,3,3,3,12,0,4,True
12,108,2025-04-12,2.93148614609572,12,2025-04-12 04:00:00-03:00,2025-04-12 05:50:00-03:00,3,3,3,3,12,0,4,True
12,108,2025-04-13,2.93148614609572,12,2025-04-13 04:00:00-03:00,2025-04-13 05:50:00-03:00,3,3,3,3,12,0,4,True
12,108,2025-04-14,2.93148614609572,12,2025-04-14 04:00:00-03:00,2025-04-14 05:50:00-03:00,3,3,3,3,12,0,4,True
12,108,2025-04-15,2.93148614609572,12,2025-04-15 04:00:00-03:00,2025-04-15 05:50:00-03:00,3,3,3,3,12,0,4,True
12,108,2025-04-16,2.93148614609572,12,2025-04-16 04:00:00-03:00,2025-04-16 05:50:00-03:00,3,3,3,3,12,0,4,True
12,108,2025-04-17,2.93148614609572,12,2025-04-17 04:00:00-03:00,2025-04-17 05:50:00-03:00,3,3,3,3,12,0,4,True
12,108,2025-04-18,2.93148614609572,12,2025-04-18 04:00:00-03:00,2025-04-18 05:50:00-03:00,3,3,3,3,12,0,4,True
12,108,2025-04-19,2.93148614609572,12,2025-04-19 04:00:00-03:00,2025-04-19 05:50:00-03:00,3,3,3,3,12,0,4,True
12,108,2025-04-20,2.93148614609572,12,2025-04-20 04:00:00-03:00,2025-04-20 05:50:00-03:00,3,3,3,3,12,0,4,True
12,108,2025-04-21,2.93148614609572,12,2025-04-21 04:00:00-03:00,2025-04-21 05:50:00-03:00,3,3,3,3,12,0,4,True
12,108,2025-04-22,2.93148614609572,12,2025-04-22 04:00:00-03:00,2025-04-22 05:50:00-03:00,3,3,3,3,12,0,4,True
12,108,2025-04-23,2.93148614609572,12,2025-04-23 04:00:00-03:00,2025-04-23 05:50:00-03:00,3,3,3,3,12,0,4,True
12,108,2025-04-24,2.93148614609572,12,2025-04-24 04:00:00-03:00,2025-04-24 05:50:00-03:00,3,3,3,3,12,0,4,True
12,108,2025-04-25,2.93148614609572,12,2025-04-25 04:00:00-03:00,2025-04-25 05:50:00-03:00,3,3,3,3,12,0,4,True
12,108,2025-04-26,2.93148614609572,12,2025-04-26 04:00:00-03:00,2025-04-26 05:50:00-03:00,3,3,3,3,12,0,4,True
12,108,2025-04-27,2.93148614609572,12,2025-04-27 04:00:00-03:00,2025-04-27 05:50:00-03:00,3,3,3,3,12,0,4,True
12,108,2025-04-28,2.93148614609572,12,2025-04-28 04:00:00-03:00,2025-04-28 05:50:00-03:00,3,3,3,3,12,0,4,True
12,108,2025-04-29,2.93148614609572,12,2025-04-29 04:00:00-03:00,2025-04-29 05:50:00-03:00,3,3,3,3,12,0,4,True
12,108,2025-04-30,2.93148614609572,12,2025-04-30 04:00:00-03:00,2025-04-30 05:50:00-03:00,3,3,3,3,12,0,4,True
13,21,2024-09-26,1.8693094629156,12,2024-09-26 04:00:00-03:00,2024-09-26 05:50:00-03:00,3,3,3,3,12,0,4,True
13,21,2024-09-27,1.8693094629156,11,2024-09-27 04:00:00-03:00,2024-09-27 05:50:00-03:00,3,3,2,3,11,0,4,True
13,21,2024-09-28,1.8693094629156,12,2024-09-28 04:00:00-03:00,2024-09-28 05:50:00-03:00,3,3,3,3,12,0,4,True
13,21,2024-09-29,1.8693094629156,12,2024-09-29 04:00:00-03:00,2024-09-29 05:50:00-03:00,3,3,3,3,12,0,4,True
13,21,2024-09-30,1.8693094629156,12,2024-09-30 04:00:00-03:00,2024-09-30 05:50:00-03:00,3,3,3,3,12,0,4,True
13,21,2024-10-01,1.8693094629156,12,2024-10-01 04:00:00-03:00,2024-10-01 05:50:00-03:00,3,3,3,3,12,0,4,True
13,21,2024-10-02,1.8693094629156,12,2024-10-02 04:00:00-03:00,2024-10-02 05:50:00-03:00,3,3,3,3,12,0,4,True
13,21,2024-10-03,1.8693094629156,12,2024-10-03 04:00:00-03:00,2024-10-03 05:50:00-03:00,3,3,3,3,12,0,4,True
13,21,2024-10-04,1.8693094629156,12,2024-10-04 04:00:00-03:00,2024-10-04 05:50:00-03:00,3,3,3,3,12,0,4,True
13,21,2024-10-05,1.8693094629156,12,2024-10-05 04:00:00-03:00,2024-10-05 05:50:00-03:00,3,3,3,3,12,0,4,True
13,21,2024-10-06,1.8693094629156,12,2024-10-06 04:00:00-03:00,2024-10-06 05:50:00-03:00,3,3,3,3,12,0,4,True
13,21,2024-10-07,1.8693094629156,12,2024-10-07 04:00:00-03:00,2024-10-07 05:50:00-03:00,3,3,3,3,12,0,4,True
13,21,2024-10-08,1.8693094629156,12,2024-10-08 04:00:00-03:00,2024-10-08 05:50:00-03:00,3,3,3,3,12,0,4,True
13,21,2024-10-09,1.8693094629156,12,2024-10-09 04:00:00-03:00,2024-10-09 05:50:00-03:00,3,3,3,3,12,0,4,True
13,21,2024-10-10,1.8693094629156,12,2024-10-10 04:00:00-03:00,2024-10-10 05:50:00-03:00,3,3,3,3,12,0,4,True
13,21,2024-10-11,1.8693094629156,12,2024-10-11 04:00:00-03:00,2024-10-11 05:50:00-03:00,3,3,3,3,12,0,4,True
13,21,2024-10-12,1.8693094629156,12,2024-10-12 04:00:00-03:00,2024-10-12 05:50:00-03:00,3,3,3,3,12,0,4,True
13,21,2024-10-13,1.8693094629156,12,2024-10-13 04:00:00-03:00,2024-10-13 05:50:00-03:00,3,3,3,3,12,0,4,True
13,21,2024-10-14,1.8693094629156,12,2024-10-14 04:00:00-03:00,2024-10-14 05:50:00-03:00,3,3,3,3,12,0,4,True
13,21,2024-10-15,1.8693094629156,12,2024-10-15 04:00:00-03:00,2024-10-15 05:50:00-03:00,3,3,3,3,12,0,4,True
13,21,2024-10-16,1.8693094629156,12,2024-10-16 04:00:00-03:00,2024-10-16 05:50:00-03:00,3,3,3,3,12,0,4,True
13,21,2024-10-17,1.8693094629156,12,2024-10-17 04:00:00-03:00,2024-10-17 05:50:00-03:00,3,3,3,3,12,0,4,True
13,21,2024-10-18,1.8693094629156,12,2024-10-18 04:00:00-03:00,2024-10-18 05:50:00-03:00,3,3,3,3,12,0,4,True
13,112,2025-04-10,1.92017879948914,12,2025-04-10 04:00:00-03:00,2025-04-10 05:50:00-03:00,3,3,3,3,12,0,4,True
13,112,2025-04-11,1.92017879948914,12,2025-04-11 04:00:00-03:00,2025-04-11 05:50:00-03:00,3,3,3,3,12,0,4,True
13,112,2025-04-12,1.92017879948914,12,2025-04-12 04:00:00-03:00,2025-04-12 05:50:00-03:00,3,3,3,3,12,0,4,True
13,112,2025-04-13,1.92017879948914,12,2025-04-13 04:00:00-03:00,2025-04-13 05:50:00-03:00,3,3,3,3,12,0,4,True
13,112,2025-04-14,1.92017879948914,12,2025-04-14 04:00:00-03:00,2025-04-14 05:50:00-03:00,3,3,3,3,12,0,4,True
13,112,2025-04-15,1.92017879948914,12,2025-04-15 04:00:00-03:00,2025-04-15 05:50:00-03:00,3,3,3,3,12,0,4,True
13,112,2025-04-16,1.92017879948914,12,2025-04-16 04:00:00-03:00,2025-04-16 05:50:00-03:00,3,3,3,3,12,0,4,True
13,112,2025-04-17,1.92017879948914,12,2025-04-17 04:00:00-03:00,2025-04-17 05:50:00-03:00,3,3,3,3,12,0,4,True
13,112,2025-04-18,1.92017879948914,12,2025-04-18 04:00:00-03:00,2025-04-18 05:50:00-03:00,3,3,3,3,12,0,4,True
13,112,2025-04-19,1.92017879948914,12,2025-04-19 04:00:00-03:00,2025-04-19 05:50:00-03:00,3,3,3,3,12,0,4,True
13,112,2025-04-20,1.92017879948914,12,2025-04-20 04:00:00-03:00,2025-04-20 05:50:00-03:00,3,3,3,3,12,0,4,True
13,112,2025-04-21,1.92017879948914,12,2025-04-21 04:00:00-03:00,2025-04-21 05:50:00-03:00,3,3,3,3,12,0,4,True
13,112,2025-04-22,1.92017879948914,12,2025-04-22 04:00:00-03:00,2025-04-22 05:50:00-03:00,3,3,3,3,12,0,4,True
13,112,2025-04-23,1.92017879948914,12,2025-04-23 04:00:00-03:00,2025-04-23 05:50:00-03:00,3,3,3,3,12,0,4,True
13,112,2025-04-24,1.92017879948914,12,2025-04-24 04:00:00-03:00,2025-04-24 05:50:00-03:00,3,3,3,3,12,0,4,True
13,112,2025-04-25,1.92017879948914,12,2025-04-25 04:00:00-03:00,2025-04-25 05:50:00-03:00,3,3,3,3,12,0,4,True
13,112,2025-04-26,1.92017879948914,12,2025-04-26 04:00:00-03:00,2025-04-26 05:50:00-03:00,3,3,3,3,12,0,4,True
13,112,2025-04-27,1.92017879948914,12,2025-04-27 04:00:00-03:00,2025-04-27 05:50:00-03:00,3,3,3,3,12,0,4,True
13,112,2025-04-28,1.92017879948914,12,2025-04-28 04:00:00-03:00,2025-04-28 05:50:00-03:00,3,3,3,3,12,0,4,True
13,112,2025-04-29,1.92017879948914,12,2025-04-29 04:00:00-03:00,2025-04-29 05:50:00-03:00,3,3,3,3,12,0,4,True
13,112,2025-04-30,1.92017879948914,9,2025-04-30 04:00:00-03:00,2025-04-30 05:50:00-03:00,2,2,3,2,9,0,4,True
14,40,2024-09-26,1.7,12,2024-09-26 04:00:00-03:00,2024-09-26 05:50:00-03:00,3,3,3,3,12,0,4,True
14,40,2024-09-27,1.7,12,2024-09-27 04:00:00-03:00,2024-09-27 05:50:00-03:00,3,3,3,3,12,0,4,True
14,40,2024-09-28,1.7,12,2024-09-28 04:00:00-03:00,2024-09-28 05:50:00-03:00,3,3,3,3,12,0,4,True
14,40,2024-09-29,1.7,12,2024-09-29 04:00:00-03:00,2024-09-29 05:50:00-03:00,3,3,3,3,12,0,4,True
14,40,2024-09-30,1.7,11,2024-09-30 04:00:00-03:00,2024-09-30 05:50:00-03:00,3,3,3,2,11,0,4,True
14,40,2024-10-01,1.7,12,2024-10-01 04:00:00-03:00,2024-10-01 05:50:00-03:00,3,3,3,3,12,0,4,True
14,40,2024-10-02,1.7,12,2024-10-02 04:00:00-03:00,2024-10-02 05:50:00-03:00,3,3,3,3,12,0,4,True
14,40,2024-10-03,1.7,12,2024-10-03 04:00:00-03:00,2024-10-03 05:50:00-03:00,3,3,3,3,12,0,4,True
14,40,2024-10-04,1.7,12,2024-10-04 04:00:00-03:00,2024-10-04 05:50:00-03:00,3,3,3,3,12,0,4,True
14,40,2024-10-05,1.7,12,2024-10-05 04:00:00-03:00,2024-10-05 05:50:00-03:00,3,3,3,3,12,0,4,True
14,40,2024-10-06,1.7,12,2024-10-06 04:00:00-03:00,2024-10-06 05:50:00-03:00,3,3,3,3,12,0,4,True
14,40,2024-10-07,1.7,12,2024-10-07 04:00:00-03:00,2024-10-07 05:50:00-03:00,3,3,3,3,12,0,4,True
14,40,2024-10-08,1.7,12,2024-10-08 04:00:00-03:00,2024-10-08 05:50:00-03:00,3,3,3,3,12,0,4,True
14,40,2024-10-09,1.7,12,2024-10-09 04:00:00-03:00,2024-10-09 05:50:00-03:00,3,3,3,3,12,0,4,True
14,40,2024-10-10,1.7,12,2024-10-10 04:00:00-03:00,2024-10-10 05:50:00-03:00,3,3,3,3,12,0,4,True
14,40,2024-10-11,1.7,12,2024-10-11 04:00:00-03:00,2024-10-11 05:50:00-03:00,3,3,3,3,12,0,4,True
14,40,2024-10-12,1.7,12,2024-10-12 04:00:00-03:00,2024-10-12 05:50:00-03:00,3,3,3,3,12,0,4,True
14,40,2024-10-13,1.7,12,2024-10-13 04:00:00-03:00,2024-10-13 05:50:00-03:00,3,3,3,3,12,0,4,True
14,40,2024-10-14,1.7,12,2024-10-14 04:00:00-03:00,2024-10-14 05:50:00-03:00,3,3,3,3,12,0,4,True
14,40,2024-10-15,1.7,12,2024-10-15 04:00:00-03:00,2024-10-15 05:50:00-03:00,3,3,3,3,12,0,4,True
14,40,2024-10-16,1.7,12,2024-10-16 04:00:00-03:00,2024-10-16 05:50:00-03:00,3,3,3,3,12,0,4,True
14,40,2024-10-17,1.7,12,2024-10-17 04:00:00-03:00,2024-10-17 05:50:00-03:00,3,3,3,3,12,0,4,True
14,40,2024-10-18,1.7,12,2024-10-18 04:00:00-03:00,2024-10-18 05:50:00-03:00,3,3,3,3,12,0,4,True
15,44,2024-09-26,1.7,12,2024-09-26 04:00:00-03:00,2024-09-26 05:50:00-03:00,3,3,3,3,12,0,4,True
15,44,2024-09-27,1.7,12,2024-09-27 04:00:00-03:00,2024-09-27 05:50:00-03:00,3,3,3,3,12,0,4,True
15,44,2024-09-28,1.7,12,2024-09-28 04:00:00-03:00,2024-09-28 05:50:00-03:00,3,3,3,3,12,0,4,True
15,44,2024-09-29,1.7,12,2024-09-29 04:00:00-03:00,2024-09-29 05:50:00-03:00,3,3,3,3,12,0,4,True
15,44,2024-09-30,1.7,12,2024-09-30 04:00:00-03:00,2024-09-30 05:50:00-03:00,3,3,3,3,12,0,4,True
15,44,2024-10-01,1.7,12,2024-10-01 04:00:00-03:00,2024-10-01 05:50:00-03:00,3,3,3,3,12,0,4,True
15,44,2024-10-02,1.7,12,2024-10-02 04:00:00-03:00,2024-10-02 05:50:00-03:00,3,3,3,3,12,0,4,True
15,44,2024-10-03,1.7,12,2024-10-03 04:00:00-03:00,2024-10-03 05:50:00-03:00,3,3,3,3,12,0,4,True
15,44,2024-10-04,1.7,12,2024-10-04 04:00:00-03:00,2024-10-04 05:50:00-03:00,3,3,3,3,12,0,4,True
15,44,2024-10-05,1.7,12,2024-10-05 04:00:00-03:00,2024-10-05 05:50:00-03:00,3,3,3,3,12,0,4,True
15,44,2024-10-06,1.7,12,2024-10-06 04:00:00-03:00,2024-10-06 05:50:00-03:00,3,3,3,3,12,0,4,True
15,44,2024-10-07,1.7,12,2024-10-07 04:00:00-03:00,2024-10-07 05:50:00-03:00,3,3,3,3,12,0,4,True
15,44,2024-10-08,1.7,12,2024-10-08 04:00:00-03:00,2024-10-08 05:50:00-03:00,3,3,3,3,12,0,4,True
15,44,2024-10-09,1.7,12,2024-10-09 04:00:00-03:00,2024-10-09 05:50:00-03:00,3,3,3,3,12,0,4,True
15,44,2024-10-10,1.7,12,2024-10-10 04:00:00-03:00,2024-10-10 05:50:00-03:00,3,3,3,3,12,0,4,True
15,44,2024-10-11,1.7,12,2024-10-11 04:00:00-03:00,2024-10-11 05:50:00-03:00,3,3,3,3,12,0,4,True
15,44,2024-10-12,1.7,12,2024-10-12 04:00:00-03:00,2024-10-12 05:50:00-03:00,3,3,3,3,12,0,4,True
15,44,2024-10-13,1.7,12,2024-10-13 04:00:00-03:00,2024-10-13 05:50:00-03:00,3,3,3,3,12,0,4,True
15,44,2024-10-14,1.7,12,2024-10-14 04:00:00-03:00,2024-10-14 05:50:00-03:00,3,3,3,3,12,0,4,True
15,44,2024-10-15,1.7,12,2024-10-15 04:00:00-03:00,2024-10-15 05:50:00-03:00,3,3,3,3,12,0,4,True
15,44,2024-10-16,1.7,12,2024-10-16 04:00:00-03:00,2024-10-16 05:50:00-03:00,3,3,3,3,12,0,4,True
15,44,2024-10-17,1.7,12,2024-10-17 04:00:00-03:00,2024-10-17 05:50:00-03:00,3,3,3,3,12,0,4,True
15,44,2024-10-18,1.7,12,2024-10-18 04:00:00-03:00,2024-10-18 05:50:00-03:00,3,3,3,3,12,0,4,True
15,114,2025-04-10,1.7,12,2025-04-10 04:00:00-03:00,2025-04-10 05:50:00-03:00,3,3,3,3,12,0,4,True
15,114,2025-04-11,1.7,12,2025-04-11 04:00:00-03:00,2025-04-11 05:50:00-03:00,3,3,3,3,12,0,4,True
15,114,2025-04-12,1.7,12,2025-04-12 04:00:00-03:00,2025-04-12 05:50:00-03:00,3,3,3,3,12,0,4,True
15,114,2025-04-13,1.7,12,2025-04-13 04:00:00-03:00,2025-04-13 05:50:00-03:00,3,3,3,3,12,0,4,True
15,114,2025-04-14,1.7,12,2025-04-14 04:00:00-03:00,2025-04-14 05:50:00-03:00,3,3,3,3,12,0,4,True
15,114,2025-04-15,1.7,12,2025-04-15 04:00:00-03:00,2025-04-15 05:50:00-03:00,3,3,3,3,12,0,4,True
15,114,2025-04-16,1.7,12,2025-04-16 04:00:00-03:00,2025-04-16 05:50:00-03:00,3,3,3,3,12,0,4,True
15,114,2025-04-17,1.7,12,2025-04-17 04:00:00-03:00,2025-04-17 05:50:00-03:00,3,3,3,3,12,0,4,True
15,114,2025-04-18,1.7,12,2025-04-18 04:00:00-03:00,2025-04-18 05:50:00-03:00,3,3,3,3,12,0,4,True
15,114,2025-04-19,1.7,12,2025-04-19 04:00:00-03:00,2025-04-19 05:50:00-03:00,3,3,3,3,12,0,4,True
15,114,2025-04-20,1.7,12,2025-04-20 04:00:00-03:00,2025-04-20 05:50:00-03:00,3,3,3,3,12,0,4,True
15,114,2025-04-21,1.7,12,2025-04-21 04:00:00-03:00,2025-04-21 05:50:00-03:00,3,3,3,3,12,0,4,True
15,114,2025-04-22,1.7,12,2025-04-22 04:00:00-03:00,2025-04-22 05:50:00-03:00,3,3,3,3,12,0,4,True
15,114,2025-04-23,1.7,12,2025-04-23 04:00:00-03:00,2025-04-23 05:50:00-03:00,3,3,3,3,12,0,4,True
15,114,2025-04-24,1.7,12,2025-04-24 04:00:00-03:00,2025-04-24 05:50:00-03:00,3,3,3,3,12,0,4,True
15,114,2025-04-25,1.7,12,2025-04-25 04:00:00-03:00,2025-04-25 05:50:00-03:00,3,3,3,3,12,0,4,True
15,114,2025-04-26,1.7,12,2025-04-26 04:00:00-03:00,2025-04-26 05:50:00-03:00,3,3,3,3,12,0,4,True
15,114,2025-04-27,1.7,12,2025-04-27 04:00:00-03:00,2025-04-27 05:50:00-03:00,3,3,3,3,12,0,4,True
15,114,2025-04-28,1.7,12,2025-04-28 04:00:00-03:00,2025-04-28 05:50:00-03:00,3,3,3,3,12,0,4,True
15,114,2025-04-29,1.7,12,2025-04-29 04:00:00-03:00,2025-04-29 05:50:00-03:00,3,3,3,3,12,0,4,True
15,114,2025-04-30,1.7,12,2025-04-30 04:00:00-03:00,2025-04-30 05:50:00-03:00,3,3,3,3,12,0,4,True
16,49,2024-09-29,4.59286624203822,9,2024-09-29 04:00:00-03:00,2024-09-29 05:40:00-03:00,3,3,2,1,9,0,4,True
16,49,2024-09-30,4.59286624203822,11,2024-09-30 04:00:00-03:00,2024-09-30 05:40:00-03:00,3,3,3,2,11,0,4,True
16,49,2024-10-01,4.59286624203822,12,2024-10-01 04:00:00-03:00,2024-10-01 05:50:00-03:00,3,3,3,3,12,0,4,True
16,49,2024-10-02,4.59286624203822,11,2024-10-02 04:00:00-03:00,2024-10-02 05:50:00-03:00,3,3,2,3,11,0,4,True
16,49,2024-10-03,4.59286624203822,8,2024-10-03 04:00:00-03:00,2024-10-03 05:10:00-03:00,3,3,2,0,8,0,3,False
16,49,2024-10-04,4.59286624203822,11,2024-10-04 04:00:00-03:00,2024-10-04 05:50:00-03:00,3,3,3,2,11,0,4,True
16,49,2024-10-05,4.59286624203822,12,2024-10-05 04:00:00-03:00,2024-10-05 05:50:00-03:00,3,3,3,3,12,0,4,True
16,49,2024-10-06,4.59286624203822,8,2024-10-06 04:00:00-03:00,2024-10-06 05:10:00-03:00,3,3,2,0,8,0,3,False
16,49,2024-10-07,4.59286624203822,11,2024-10-07 04:00:00-03:00,2024-10-07 05:40:00-03:00,3,3,3,2,11,0,4,True
16,49,2024-10-08,4.59286624203822,12,2024-10-08 04:00:00-03:00,2024-10-08 05:50:00-03:00,3,3,3,3,12,0,4,True
16,49,2024-10-09,4.59286624203822,8,2024-10-09 04:00:00-03:00,2024-10-09 05:10:00-03:00,3,3,2,0,8,0,3,False
16,49,2024-10-10,4.59286624203822,10,2024-10-10 04:00:00-03:00,2024-10-10 05:50:00-03:00,3,3,2,2,10,0,4,True
16,49,2024-10-11,4.59286624203822,5,2024-10-11 04:10:00-03:00,2024-10-11 05:00:00-03:00,1,3,1,0,5,0,3,False
16,49,2024-10-12,4.59286624203822,7,2024-10-12 04:00:00-03:00,2024-10-12 05:00:00-03:00,3,3,1,0,7,0,3,False
16,49,2024-10-13,4.59286624203822,11,2024-10-13 04:00:00-03:00,2024-10-13 05:50:00-03:00,3,3,3,2,11,0,4,True
16,49,2024-10-14,4.59286624203822,7,2024-10-14 04:00:00-03:00,2024-10-14 05:20:00-03:00,3,3,1,0,7,0,3,False
16,49,2024-10-15,4.59286624203822,7,2024-10-15 04:00:00-03:00,2024-10-15 05:10:00-03:00,3,3,1,0,7,0,3,False
16,49,2024-10-16,4.59286624203822,10,2024-10-16 04:00:00-03:00,2024-10-16 05:40:00-03:00,3,3,2,2,10,0,4,True
16,49,2024-10-17,4.59286624203822,4,2024-10-17 04:10:00-03:00,2024-10-17 05:20:00-03:00,1,0,3,0,4,0,2,False
16,49,2024-10-18,4.59286624203822,11,2024-10-18 04:00:00-03:00,2024-10-18 05:40:00-03:00,3,3,3,2,11,0,4,True
16,102,2025-04-09,4.60918367346939,12,2025-04-09 04:00:00-03:00,2025-04-09 05:50:00-03:00,3,3,3,3,12,0,4,True
16,102,2025-04-10,4.60918367346939,12,2025-04-10 04:00:00-03:00,2025-04-10 05:50:00-03:00,3,3,3,3,12,0,4,True
16,102,2025-04-11,4.60918367346939,12,2025-04-11 04:00:00-03:00,2025-04-11 05:50:00-03:00,3,3,3,3,12,0,4,True
16,102,2025-04-12,4.60918367346939,12,2025-04-12 04:00:00-03:00,2025-04-12 05:50:00-03:00,3,3,3,3,12,0,4,True
16,102,2025-04-13,4.60918367346939,12,2025-04-13 04:00:00-03:00,2025-04-13 05:50:00-03:00,3,3,3,3,12,0,4,True
16,102,2025-04-14,4.60918367346939,12,2025-04-14 04:00:00-03:00,2025-04-14 05:50:00-03:00,3,3,3,3,12,0,4,True
16,102,2025-04-15,4.60918367346939,12,2025-04-15 04:00:00-03:00,2025-04-15 05:50:00-03:00,3,3,3,3,12,0,4,True
16,102,2025-04-16,4.60918367346939,12,2025-04-16 04:00:00-03:00,2025-04-16 05:50:00-03:00,3,3,3,3,12,0,4,True
16,102,2025-04-17,4.60918367346939,12,2025-04-17 04:00:00-03:00,2025-04-17 05:50:00-03:00,3,3,3,3,12,0,4,True
16,102,2025-04-18,4.60918367346939,12,2025-04-18 04:00:00-03:00,2025-04-18 05:50:00-03:00,3,3,3,3,12,0,4,True
16,102,2025-04-19,4.60918367346939,12,2025-04-19 04:00:00-03:00,2025-04-19 05:50:00-03:00,3,3,3,3,12,0,4,True
16,102,2025-04-20,4.60918367346939,12,2025-04-20 04:00:00-03:00,2025-04-20 05:50:00-03:00,3,3,3,3,12,0,4,True
16,102,2025-04-21,4.60918367346939,12,2025-04-21 04:00:00-03:00,2025-04-21 05:50:00-03:00,3,3,3,3,12,0,4,True
16,102,2025-04-22,4.60918367346939,12,2025-04-22 04:00:00-03:00,2025-04-22 05:50:00-03:00,3,3,3,3,12,0,4,True
16,102,2025-04-23,4.60918367346939,12,2025-04-23 04:00:00-03:00,2025-04-23 05:50:00-03:00,3,3,3,3,12,0,4,True
16,102,2025-04-24,4.60918367346939,12,2025-04-24 04:00:00-03:00,2025-04-24 05:50:00-03:00,3,3,3,3,12,0,4,True
16,102,2025-04-25,4.60918367346939,12,2025-04-25 04:00:00-03:00,2025-04-25 05:50:00-03:00,3,3,3,3,12,0,4,True
16,102,2025-04-26,4.60918367346939,12,2025-04-26 04:00:00-03:00,2025-04-26 05:50:00-03:00,3,3,3,3,12,0,4,True
16,102,2025-04-27,4.60918367346939,12,2025-04-27 04:00:00-03:00,2025-04-27 05:50:00-03:00,3,3,3,3,12,0,4,True
16,102,2025-04-28,4.60918367346939,12,2025-04-28 04:00:00-03:00,2025-04-28 05:50:00-03:00,3,3,3,3,12,0,4,True
16,102,2025-04-29,4.60918367346939,12,2025-04-29 04:00:00-03:00,2025-04-29 05:50:00-03:00,3,3,3,3,12,0,4,True
16,102,2025-04-30,4.60918367346939,12,2025-04-30 04:00:00-03:00,2025-04-30 05:50:00-03:00,3,3,3,3,12,0,4,True
17,53,2024-09-29,3.98612862547289,12,2024-09-29 04:00:00-03:00,2024-09-29 05:50:00-03:00,3,3,3,3,12,0,4,True
17,53,2024-09-30,3.98612862547289,12,2024-09-30 04:00:00-03:00,2024-09-30 05:50:00-03:00,3,3,3,3,12,0,4,True
17,53,2024-10-01,3.98612862547289,5,2024-10-01 04:00:00-03:00,2024-10-01 05:40:00-03:00,2,1,1,1,5,0,4,True
17,53,2024-10-02,3.98612862547289,6,2024-10-02 04:00:00-03:00,2024-10-02 05:40:00-03:00,3,1,1,1,6,0,4,True
17,53,2024-10-03,3.98612862547289,8,2024-10-03 04:00:00-03:00,2024-10-03 05:50:00-03:00,2,2,2,2,8,0,4,True
17,53,2024-10-04,3.98612862547289,11,2024-10-04 04:00:00-03:00,2024-10-04 05:50:00-03:00,3,3,2,3,11,0,4,True
17,53,2024-10-05,3.98612862547289,11,2024-10-05 04:00:00-03:00,2024-10-05 05:40:00-03:00,3,3,3,2,11,0,4,True
17,53,2024-10-06,3.98612862547289,12,2024-10-06 04:00:00-03:00,2024-10-06 05:50:00-03:00,3,3,3,3,12,0,4,True
17,53,2024-10-07,3.98612862547289,12,2024-10-07 04:00:00-03:00,2024-10-07 05:50:00-03:00,3,3,3,3,12,0,4,True
17,53,2024-10-08,3.98612862547289,12,2024-10-08 04:00:00-03:00,2024-10-08 05:50:00-03:00,3,3,3,3,12,0,4,True
17,53,2024-10-09,3.98612862547289,12,2024-10-09 04:00:00-03:00,2024-10-09 05:50:00-03:00,3,3,3,3,12,0,4,True
17,53,2024-10-10,3.98612862547289,12,2024-10-10 04:00:00-03:00,2024-10-10 05:50:00-03:00,3,3,3,3,12,0,4,True
17,53,2024-10-11,3.98612862547289,9,2024-10-11 04:10:00-03:00,2024-10-11 05:50:00-03:00,2,2,2,3,9,0,4,True
17,53,2024-10-12,3.98612862547289,12,2024-10-12 04:00:00-03:00,2024-10-12 05:50:00-03:00,3,3,3,3,12,0,4,True
17,53,2024-10-13,3.98612862547289,12,2024-10-13 04:00:00-03:00,2024-10-13 05:50:00-03:00,3,3,3,3,12,0,4,True
17,53,2024-10-14,3.98612862547289,12,2024-10-14 04:00:00-03:00,2024-10-14 05:50:00-03:00,3,3,3,3,12,0,4,True
17,53,2024-10-15,3.98612862547289,12,2024-10-15 04:00:00-03:00,2024-10-15 05:50:00-03:00,3,3,3,3,12,0,4,True
17,53,2024-10-16,3.98612862547289,12,2024-10-16 04:00:00-03:00,2024-10-16 05:50:00-03:00,3,3,3,3,12,0,4,True
17,53,2024-10-17,3.98612862547289,10,2024-10-17 04:00:00-03:00,2024-10-17 05:30:00-03:00,3,3,3,1,10,0,4,True
17,53,2024-10-18,3.98612862547289,12,2024-10-18 04:00:00-03:00,2024-10-18 05:50:00-03:00,3,3,3,3,12,0,4,True
17,101,2025-04-09,3.92331210191083,12,2025-04-09 04:00:00-03:00,2025-04-09 05:50:00-03:00,3,3,3,3,12,0,4,True
17,101,2025-04-10,3.92331210191083,12,2025-04-10 04:00:00-03:00,2025-04-10 05:50:00-03:00,3,3,3,3,12,0,4,True
17,101,2025-04-11,3.92331210191083,12,2025-04-11 04:00:00-03:00,2025-04-11 05:50:00-03:00,3,3,3,3,12,0,4,True
17,101,2025-04-12,3.92331210191083,12,2025-04-12 04:00:00-03:00,2025-04-12 05:50:00-03:00,3,3,3,3,12,0,4,True
17,101,2025-04-13,3.92331210191083,12,2025-04-13 04:00:00-03:00,2025-04-13 05:50:00-03:00,3,3,3,3,12,0,4,True
17,101,2025-04-14,3.92331210191083,12,2025-04-14 04:00:00-03:00,2025-04-14 05:50:00-03:00,3,3,3,3,12,0,4,True
17,101,2025-04-15,3.92331210191083,12,2025-04-15 04:00:00-03:00,2025-04-15 05:50:00-03:00,3,3,3,3,12,0,4,True
17,101,2025-04-16,3.92331210191083,12,2025-04-16 04:00:00-03:00,2025-04-16 05:50:00-03:00,3,3,3,3,12,0,4,True
17,101,2025-04-17,3.92331210191083,12,2025-04-17 04:00:00-03:00,2025-04-17 05:50:00-03:00,3,3,3,3,12,0,4,True
17,101,2025-04-18,3.92331210191083,12,2025-04-18 04:00:00-03:00,2025-04-18 05:50:00-03:00,3,3,3,3,12,0,4,True
17,101,2025-04-19,3.92331210191083,12,2025-04-19 04:00:00-03:00,2025-04-19 05:50:00-03:00,3,3,3,3,12,0,4,True
17,101,2025-04-20,3.92331210191083,12,2025-04-20 04:00:00-03:00,2025-04-20 05:50:00-03:00,3,3,3,3,12,0,4,True
17,101,2025-04-21,3.92331210191083,12,2025-04-21 04:00:00-03:00,2025-04-21 05:50:00-03:00,3,3,3,3,12,0,4,True
17,101,2025-04-22,3.92331210191083,12,2025-04-22 04:00:00-03:00,2025-04-22 05:50:00-03:00,3,3,3,3,12,0,4,True
17,101,2025-04-23,3.92331210191083,12,2025-04-23 04:00:00-03:00,2025-04-23 05:50:00-03:00,3,3,3,3,12,0,4,True
17,101,2025-04-24,3.92331210191083,12,2025-04-24 04:00:00-03:00,2025-04-24 05:50:00-03:00,3,3,3,3,12,0,4,True
17,101,2025-04-25,3.92331210191083,12,2025-04-25 04:00:00-03:00,2025-04-25 05:50:00-03:00,3,3,3,3,12,0,4,True
17,101,2025-04-26,3.92331210191083,12,2025-04-26 04:00:00-03:00,2025-04-26 05:50:00-03:00,3,3,3,3,12,0,4,True
17,101,2025-04-27,3.92331210191083,12,2025-04-27 04:00:00-03:00,2025-04-27 05:50:00-03:00,3,3,3,3,12,0,4,True
17,101,2025-04-28,3.92331210191083,12,2025-04-28 04:00:00-03:00,2025-04-28 05:50:00-03:00,3,3,3,3,12,0,4,True
17,101,2025-04-29,3.92331210191083,12,2025-04-29 04:00:00-03:00,2025-04-29 05:50:00-03:00,3,3,3,3,12,0,4,True
17,101,2025-04-30,3.92331210191083,12,2025-04-30 04:00:00-03:00,2025-04-30 05:50:00-03:00,3,3,3,3,12,0,4,True
18,56,2024-09-29,4.53520408163265,9,2024-09-29 04:10:00-03:00,2024-09-29 05:40:00-03:00,2,2,3,2,9,0,4,True
18,56,2024-09-30,4.53520408163265,11,2024-09-30 04:10:00-03:00,2024-09-30 05:50:00-03:00,2,3,3,3,11,0,4,True
18,56,2024-10-01,4.53520408163265,8,2024-10-01 04:10:00-03:00,2024-10-01 05:50:00-03:00,1,1,3,3,8,0,4,True
18,56,2024-10-02,4.53520408163265,5,2024-10-02 04:00:00-03:00,2024-10-02 04:50:00-03:00,3,2,0,0,5,0,2,False
18,56,2024-10-03,4.53520408163265,8,2024-10-03 04:00:00-03:00,2024-10-03 05:50:00-03:00,1,1,3,3,8,0,4,True
18,56,2024-10-04,4.53520408163265,8,2024-10-04 04:00:00-03:00,2024-10-04 05:50:00-03:00,2,3,1,2,8,0,4,True
18,56,2024-10-05,4.53520408163265,12,2024-10-05 04:00:00-03:00,2024-10-05 05:50:00-03:00,3,3,3,3,12,0,4,True
18,56,2024-10-06,4.53520408163265,10,2024-10-06 04:00:00-03:00,2024-10-06 05:50:00-03:00,2,2,3,3,10,0,4,True
18,56,2024-10-07,4.53520408163265,12,2024-10-07 04:00:00-03:00,2024-10-07 05:50:00-03:00,3,3,3,3,12,0,4,True
18,56,2024-10-08,4.53520408163265,12,2024-10-08 04:00:00-03:00,2024-10-08 05:50:00-03:00,3,3,3,3,12,0,4,True
18,56,2024-10-09,4.53520408163265,12,2024-10-09 04:00:00-03:00,2024-10-09 05:50:00-03:00,3,3,3,3,12,0,4,True
18,56,2024-10-10,4.53520408163265,12,2024-10-10 04:00:00-03:00,2024-10-10 05:50:00-03:00,3,3,3,3,12,0,4,True
18,56,2024-10-11,4.53520408163265,10,2024-10-11 04:00:00-03:00,2024-10-11 05:50:00-03:00,3,1,3,3,10,0,4,True
18,56,2024-10-12,4.53520408163265,12,2024-10-12 04:00:00-03:00,2024-10-12 05:50:00-03:00,3,3,3,3,12,0,4,True
18,56,2024-10-13,4.53520408163265,12,2024-10-13 04:00:00-03:00,2024-10-13 05:50:00-03:00,3,3,3,3,12,0,4,True
18,56,2024-10-14,4.53520408163265,12,2024-10-14 04:00:00-03:00,2024-10-14 05:50:00-03:00,3,3,3,3,12,0,4,True
18,56,2024-10-15,4.53520408163265,12,2024-10-15 04:00:00-03:00,2024-10-15 05:50:00-03:00,3,3,3,3,12,0,4,True
18,56,2024-10-16,4.53520408163265,12,2024-10-16 04:00:00-03:00,2024-10-16 05:50:00-03:00,3,3,3,3,12,0,4,True
18,56,2024-10-17,4.53520408163265,7,2024-10-17 04:10:00-03:00,2024-10-17 05:50:00-03:00,2,2,1,2,7,0,4,True
18,56,2024-10-18,4.53520408163265,12,2024-10-18 04:00:00-03:00,2024-10-18 05:50:00-03:00,3,3,3,3,12,0,4,True
18,103,2025-04-09,4.52977099236641,12,2025-04-09 04:00:00-03:00,2025-04-09 05:50:00-03:00,3,3,3,3,12,0,4,True
18,103,2025-04-10,4.52977099236641,12,2025-04-10 04:00:00-03:00,2025-04-10 05:50:00-03:00,3,3,3,3,12,0,4,True
18,103,2025-04-11,4.52977099236641,12,2025-04-11 04:00:00-03:00,2025-04-11 05:50:00-03:00,3,3,3,3,12,0,4,True
18,103,2025-04-12,4.52977099236641,12,2025-04-12 04:00:00-03:00,2025-04-12 05:50:00-03:00,3,3,3,3,12,0,4,True
18,103,2025-04-13,4.52977099236641,12,2025-04-13 04:00:00-03:00,2025-04-13 05:50:00-03:00,3,3,3,3,12,0,4,True
18,103,2025-04-14,4.52977099236641,12,2025-04-14 04:00:00-03:00,2025-04-14 05:50:00-03:00,3,3,3,3,12,0,4,True
18,103,2025-04-15,4.52977099236641,12,2025-04-15 04:00:00-03:00,2025-04-15 05:50:00-03:00,3,3,3,3,12,0,4,True
18,103,2025-04-16,4.52977099236641,12,2025-04-16 04:00:00-03:00,2025-04-16 05:50:00-03:00,3,3,3,3,12,0,4,True
18,103,2025-04-17,4.52977099236641,12,2025-04-17 04:00:00-03:00,2025-04-17 05:50:00-03:00,3,3,3,3,12,0,4,True
18,103,2025-04-18,4.52977099236641,12,2025-04-18 04:00:00-03:00,2025-04-18 05:50:00-03:00,3,3,3,3,12,0,4,True
18,103,2025-04-19,4.52977099236641,12,2025-04-19 04:00:00-03:00,2025-04-19 05:50:00-03:00,3,3,3,3,12,0,4,True
18,103,2025-04-20,4.52977099236641,12,2025-04-20 04:00:00-03:00,2025-04-20 05:50:00-03:00,3,3,3,3,12,0,4,True
18,103,2025-04-21,4.52977099236641,12,2025-04-21 04:00:00-03:00,2025-04-21 05:50:00-03:00,3,3,3,3,12,0,4,True
18,103,2025-04-22,4.52977099236641,12,2025-04-22 04:00:00-03:00,2025-04-22 05:50:00-03:00,3,3,3,3,12,0,4,True
18,103,2025-04-23,4.52977099236641,12,2025-04-23 04:00:00-03:00,2025-04-23 05:50:00-03:00,3,3,3,3,12,0,4,True
18,103,2025-04-24,4.52977099236641,12,2025-04-24 04:00:00-03:00,2025-04-24 05:50:00-03:00,3,3,3,3,12,0,4,True
18,103,2025-04-25,4.52977099236641,12,2025-04-25 04:00:00-03:00,2025-04-25 05:50:00-03:00,3,3,3,3,12,0,4,True
18,103,2025-04-26,4.52977099236641,12,2025-04-26 04:00:00-03:00,2025-04-26 05:50:00-03:00,3,3,3,3,12,0,4,True
18,103,2025-04-27,4.52977099236641,12,2025-04-27 04:00:00-03:00,2025-04-27 05:50:00-03:00,3,3,3,3,12,0,4,True
18,103,2025-04-28,4.52977099236641,12,2025-04-28 04:00:00-03:00,2025-04-28 05:50:00-03:00,3,3,3,3,12,0,4,True
18,103,2025-04-29,4.52977099236641,12,2025-04-29 04:00:00-03:00,2025-04-29 05:50:00-03:00,3,3,3,3,12,0,4,True
18,103,2025-04-30,4.52977099236641,12,2025-04-30 04:00:00-03:00,2025-04-30 05:50:00-03:00,3,3,3,3,12,0,4,True
19,59,2024-09-29,0.854891994917408,12,2024-09-29 04:00:00-03:00,2024-09-29 05:50:00-03:00,3,3,3,3,12,0,4,True
19,59,2024-09-30,0.854891994917408,12,2024-09-30 04:00:00-03:00,2024-09-30 05:50:00-03:00,3,3,3,3,12,0,4,True
19,59,2024-10-01,0.854891994917408,12,2024-10-01 04:00:00-03:00,2024-10-01 05:50:00-03:00,3,3,3,3,12,0,4,True
19,59,2024-10-02,0.854891994917408,12,2024-10-02 04:00:00-03:00,2024-10-02 05:50:00-03:00,3,3,3,3,12,0,4,True
19,59,2024-10-03,0.854891994917408,12,2024-10-03 04:00:00-03:00,2024-10-03 05:50:00-03:00,3,3,3,3,12,0,4,True
19,59,2024-10-04,0.854891994917408,12,2024-10-04 04:00:00-03:00,2024-10-04 05:50:00-03:00,3,3,3,3,12,0,4,True
19,59,2024-10-05,0.854891994917408,12,2024-10-05 04:00:00-03:00,2024-10-05 05:50:00-03:00,3,3,3,3,12,0,4,True
19,59,2024-10-06,0.854891994917408,12,2024-10-06 04:00:00-03:00,2024-10-06 05:50:00-03:00,3,3,3,3,12,0,4,True
19,59,2024-10-07,0.854891994917408,12,2024-10-07 04:00:00-03:00,2024-10-07 05:50:00-03:00,3,3,3,3,12,0,4,True
19,59,2024-10-08,0.854891994917408,12,2024-10-08 04:00:00-03:00,2024-10-08 05:50:00-03:00,3,3,3,3,12,0,4,True
19,59,2024-10-09,0.854891994917408,12,2024-10-09 04:00:00-03:00,2024-10-09 05:50:00-03:00,3,3,3,3,12,0,4,True
19,59,2024-10-10,0.854891994917408,12,2024-10-10 04:00:00-03:00,2024-10-10 05:50:00-03:00,3,3,3,3,12,0,4,True
19,59,2024-10-11,0.854891994917408,12,2024-10-11 04:00:00-03:00,2024-10-11 05:50:00-03:00,3,3,3,3,12,0,4,True
19,59,2024-10-12,0.854891994917408,12,2024-10-12 04:00:00-03:00,2024-10-12 05:50:00-03:00,3,3,3,3,12,0,4,True
19,59,2024-10-13,0.854891994917408,12,2024-10-13 04:00:00-03:00,2024-10-13 05:50:00-03:00,3,3,3,3,12,0,4,True
19,59,2024-10-14,0.854891994917408,12,2024-10-14 04:00:00-03:00,2024-10-14 05:50:00-03:00,3,3,3,3,12,0,4,True
19,59,2024-10-15,0.854891994917408,12,2024-10-15 04:00:00-03:00,2024-10-15 05:50:00-03:00,3,3,3,3,12,0,4,True
19,59,2024-10-16,0.854891994917408,12,2024-10-16 04:00:00-03:00,2024-10-16 05:50:00-03:00,3,3,3,3,12,0,4,True
19,59,2024-10-17,0.854891994917408,12,2024-10-17 04:00:00-03:00,2024-10-17 05:50:00-03:00,3,3,3,3,12,0,4,True
19,59,2024-10-18,0.854891994917408,12,2024-10-18 04:00:00-03:00,2024-10-18 05:50:00-03:00,3,3,3,3,12,0,4,True
19,116,2025-04-10,0.831162196679438,12,2025-04-10 04:00:00-03:00,2025-04-10 05:50:00-03:00,3,3,3,3,12,0,4,True
19,116,2025-04-11,0.831162196679438,12,2025-04-11 04:00:00-03:00,2025-04-11 05:50:00-03:00,3,3,3,3,12,0,4,True
19,116,2025-04-12,0.831162196679438,12,2025-04-12 04:00:00-03:00,2025-04-12 05:50:00-03:00,3,3,3,3,12,0,4,True
19,116,2025-04-13,0.831162196679438,12,2025-04-13 04:00:00-03:00,2025-04-13 05:50:00-03:00,3,3,3,3,12,0,4,True
19,116,2025-04-14,0.831162196679438,12,2025-04-14 04:00:00-03:00,2025-04-14 05:50:00-03:00,3,3,3,3,12,0,4,True
19,116,2025-04-15,0.831162196679438,12,2025-04-15 04:00:00-03:00,2025-04-15 05:50:00-03:00,3,3,3,3,12,0,4,True
19,116,2025-04-16,0.831162196679438,12,2025-04-16 04:00:00-03:00,2025-04-16 05:50:00-03:00,3,3,3,3,12,0,4,True
19,116,2025-04-17,0.831162196679438,12,2025-04-17 04:00:00-03:00,2025-04-17 05:50:00-03:00,3,3,3,3,12,0,4,True
19,116,2025-04-18,0.831162196679438,12,2025-04-18 04:00:00-03:00,2025-04-18 05:50:00-03:00,3,3,3,3,12,0,4,True
19,116,2025-04-19,0.831162196679438,12,2025-04-19 04:00:00-03:00,2025-04-19 05:50:00-03:00,3,3,3,3,12,0,4,True
19,116,2025-04-20,0.831162196679438,12,2025-04-20 04:00:00-03:00,2025-04-20 05:50:00-03:00,3,3,3,3,12,0,4,True
19,116,2025-04-21,0.831162196679438,12,2025-04-21 04:00:00-03:00,2025-04-21 05:50:00-03:00,3,3,3,3,12,0,4,True
19,116,2025-04-22,0.831162196679438,12,2025-04-22 04:00:00-03:00,2025-04-22 05:50:00-03:00,3,3,3,3,12,0,4,True
19,116,2025-04-23,0.831162196679438,12,2025-04-23 04:00:00-03:00,2025-04-23 05:50:00-03:00,3,3,3,3,12,0,4,True
19,116,2025-04-24,0.831162196679438,12,2025-04-24 04:00:00-03:00,2025-04-24 05:50:00-03:00,3,3,3,3,12,0,4,True
19,116,2025-04-25,0.831162196679438,12,2025-04-25 04:00:00-03:00,2025-04-25 05:50:00-03:00,3,3,3,3,12,0,4,True
19,116,2025-04-26,0.831162196679438,12,2025-04-26 04:00:00-03:00,2025-04-26 05:50:00-03:00,3,3,3,3,12,0,4,True
19,116,2025-04-27,0.831162196679438,12,2025-04-27 04:00:00-03:00,2025-04-27 05:50:00-03:00,3,3,3,3,12,0,4,True
19,116,2025-04-28,0.831162196679438,12,2025-04-28 04:00:00-03:00,2025-04-28 05:50:00-03:00,3,3,3,3,12,0,4,True
20,63,2024-09-29,1.4794380587484,10,2024-09-29 04:00:00-03:00,2024-09-29 05:50:00-03:00,2,3,3,2,10,0,4,True
20,63,2024-09-30,1.4794380587484,12,2024-09-30 04:00:00-03:00,2024-09-30 05:50:00-03:00,3,3,3,3,12,0,4,True
20,63,2024-10-01,1.4794380587484,12,2024-10-01 04:00:00-03:00,2024-10-01 05:50:00-03:00,3,3,3,3,12,0,4,True
20,63,2024-10-02,1.4794380587484,12,2024-10-02 04:00:00-03:00,2024-10-02 05:50:00-03:00,3,3,3,3,12,0,4,True
20,63,2024-10-03,1.4794380587484,12,2024-10-03 04:00:00-03:00,2024-10-03 05:50:00-03:00,3,3,3,3,12,0,4,True
20,63,2024-10-04,1.4794380587484,11,2024-10-04 04:10:00-03:00,2024-10-04 05:50:00-03:00,2,3,3,3,11,0,4,True
20,63,2024-10-05,1.4794380587484,12,2024-10-05 04:00:00-03:00,2024-10-05 05:50:00-03:00,3,3,3,3,12,0,4,True
20,63,2024-10-06,1.4794380587484,12,2024-10-06 04:00:00-03:00,2024-10-06 05:50:00-03:00,3,3,3,3,12,0,4,True
20,63,2024-10-07,1.4794380587484,12,2024-10-07 04:00:00-03:00,2024-10-07 05:50:00-03:00,3,3,3,3,12,0,4,True
20,63,2024-10-08,1.4794380587484,12,2024-10-08 04:00:00-03:00,2024-10-08 05:50:00-03:00,3,3,3,3,12,0,4,True
20,63,2024-10-09,1.4794380587484,12,2024-10-09 04:00:00-03:00,2024-10-09 05:50:00-03:00,3,3,3,3,12,0,4,True
20,63,2024-10-10,1.4794380587484,12,2024-10-10 04:00:00-03:00,2024-10-10 05:50:00-03:00,3,3,3,3,12,0,4,True
20,63,2024-10-11,1.4794380587484,8,2024-10-11 04:00:00-03:00,2024-10-11 05:50:00-03:00,3,3,0,2,8,0,3,False
20,63,2024-10-12,1.4794380587484,12,2024-10-12 04:00:00-03:00,2024-10-12 05:50:00-03:00,3,3,3,3,12,0,4,True
20,63,2024-10-13,1.4794380587484,12,2024-10-13 04:00:00-03:00,2024-10-13 05:50:00-03:00,3,3,3,3,12,0,4,True
20,63,2024-10-14,1.4794380587484,12,2024-10-14 04:00:00-03:00,2024-10-14 05:50:00-03:00,3,3,3,3,12,0,4,True
20,63,2024-10-15,1.4794380587484,12,2024-10-15 04:00:00-03:00,2024-10-15 05:50:00-03:00,3,3,3,3,12,0,4,True
20,63,2024-10-16,1.4794380587484,12,2024-10-16 04:00:00-03:00,2024-10-16 05:50:00-03:00,3,3,3,3,12,0,4,True
20,63,2024-10-17,1.4794380587484,12,2024-10-17 04:00:00-03:00,2024-10-17 05:50:00-03:00,3,3,3,3,12,0,4,True
20,63,2024-10-18,1.4794380587484,12,2024-10-18 04:00:00-03:00,2024-10-18 05:50:00-03:00,3,3,3,3,12,0,4,True
20,115,2025-04-10,1.66224489795918,12,2025-04-10 04:00:00-03:00,2025-04-10 05:50:00-03:00,3,3,3,3,12,0,4,True
20,115,2025-04-11,1.66224489795918,12,2025-04-11 04:00:00-03:00,2025-04-11 05:50:00-03:00,3,3,3,3,12,0,4,True
20,115,2025-04-12,1.66224489795918,12,2025-04-12 04:00:00-03:00,2025-04-12 05:50:00-03:00,3,3,3,3,12,0,4,True
20,115,2025-04-13,1.66224489795918,12,2025-04-13 04:00:00-03:00,2025-04-13 05:50:00-03:00,3,3,3,3,12,0,4,True
20,115,2025-04-14,1.66224489795918,12,2025-04-14 04:00:00-03:00,2025-04-14 05:50:00-03:00,3,3,3,3,12,0,4,True
20,115,2025-04-15,1.66224489795918,12,2025-04-15 04:00:00-03:00,2025-04-15 05:50:00-03:00,3,3,3,3,12,0,4,True
20,115,2025-04-16,1.66224489795918,12,2025-04-16 04:00:00-03:00,2025-04-16 05:50:00-03:00,3,3,3,3,12,0,4,True
20,115,2025-04-17,1.66224489795918,12,2025-04-17 04:00:00-03:00,2025-04-17 05:50:00-03:00,3,3,3,3,12,0,4,True
20,115,2025-04-18,1.66224489795918,12,2025-04-18 04:00:00-03:00,2025-04-18 05:50:00-03:00,3,3,3,3,12,0,4,True
20,115,2025-04-19,1.66224489795918,12,2025-04-19 04:00:00-03:00,2025-04-19 05:50:00-03:00,3,3,3,3,12,0,4,True
20,115,2025-04-20,1.66224489795918,12,2025-04-20 04:00:00-03:00,2025-04-20 05:50:00-03:00,3,3,3,3,12,0,4,True
20,115,2025-04-21,1.66224489795918,12,2025-04-21 04:00:00-03:00,2025-04-21 05:50:00-03:00,3,3,3,3,12,0,4,True
20,115,2025-04-22,1.66224489795918,12,2025-04-22 04:00:00-03:00,2025-04-22 05:50:00-03:00,3,3,3,3,12,0,4,True
20,115,2025-04-23,1.66224489795918,12,2025-04-23 04:00:00-03:00,2025-04-23 05:50:00-03:00,3,3,3,3,12,0,4,True
20,115,2025-04-24,1.66224489795918,12,2025-04-24 04:00:00-03:00,2025-04-24 05:50:00-03:00,3,3,3,3,12,0,4,True
20,115,2025-04-25,1.66224489795918,12,2025-04-25 04:00:00-03:00,2025-04-25 05:50:00-03:00,3,3,3,3,12,0,4,True
20,115,2025-04-26,1.66224489795918,12,2025-04-26 04:00:00-03:00,2025-04-26 05:50:00-03:00,3,3,3,3,12,0,4,True
20,115,2025-04-27,1.66224489795918,12,2025-04-27 04:00:00-03:00,2025-04-27 05:50:00-03:00,3,3,3,3,12,0,4,True
20,115,2025-04-28,1.66224489795918,12,2025-04-28 04:00:00-03:00,2025-04-28 05:50:00-03:00,3,3,3,3,12,0,4,True
20,115,2025-04-29,1.66224489795918,12,2025-04-29 04:00:00-03:00,2025-04-29 05:50:00-03:00,3,3,3,3,12,0,4,True
20,115,2025-04-30,1.66224489795918,12,2025-04-30 04:00:00-03:00,2025-04-30 05:50:00-03:00,3,3,3,3,12,0,4,True
21,67,2024-09-29,0.691187739463601,12,2024-09-29 04:00:00-03:00,2024-09-29 05:50:00-03:00,3,3,3,3,12,0,4,True
21,67,2024-09-30,0.691187739463601,12,2024-09-30 04:00:00-03:00,2024-09-30 05:50:00-03:00,3,3,3,3,12,0,4,True
21,67,2024-10-01,0.691187739463601,12,2024-10-01 04:00:00-03:00,2024-10-01 05:50:00-03:00,3,3,3,3,12,0,4,True
21,67,2024-10-02,0.691187739463601,12,2024-10-02 04:00:00-03:00,2024-10-02 05:50:00-03:00,3,3,3,3,12,0,4,True
21,67,2024-10-03,0.691187739463601,12,2024-10-03 04:00:00-03:00,2024-10-03 05:50:00-03:00,3,3,3,3,12,0,4,True
21,67,2024-10-04,0.691187739463601,12,2024-10-04 04:00:00-03:00,2024-10-04 05:50:00-03:00,3,3,3,3,12,0,4,True
21,67,2024-10-05,0.691187739463601,12,2024-10-05 04:00:00-03:00,2024-10-05 05:50:00-03:00,3,3,3,3,12,0,4,True
21,67,2024-10-06,0.691187739463601,12,2024-10-06 04:00:00-03:00,2024-10-06 05:50:00-03:00,3,3,3,3,12,0,4,True
21,67,2024-10-07,0.691187739463601,12,2024-10-07 04:00:00-03:00,2024-10-07 05:50:00-03:00,3,3,3,3,12,0,4,True
21,67,2024-10-08,0.691187739463601,12,2024-10-08 04:00:00-03:00,2024-10-08 05:50:00-03:00,3,3,3,3,12,0,4,True
21,67,2024-10-09,0.691187739463601,12,2024-10-09 04:00:00-03:00,2024-10-09 05:50:00-03:00,3,3,3,3,12,0,4,True
21,67,2024-10-10,0.691187739463601,11,2024-10-10 04:00:00-03:00,2024-10-10 05:50:00-03:00,3,3,3,2,11,0,4,True
21,67,2024-10-11,0.691187739463601,5,2024-10-11 04:00:00-03:00,2024-10-11 04:40:00-03:00,3,2,0,0,5,0,2,False
21,67,2024-10-12,0.691187739463601,11,2024-10-12 04:00:00-03:00,2024-10-12 05:50:00-03:00,3,3,2,3,11,0,4,True
21,67,2024-10-13,0.691187739463601,12,2024-10-13 04:00:00-03:00,2024-10-13 05:50:00-03:00,3,3,3,3,12,0,4,True
21,67,2024-10-14,0.691187739463601,12,2024-10-14 04:00:00-03:00,2024-10-14 05:50:00-03:00,3,3,3,3,12,0,4,True
21,67,2024-10-15,0.691187739463601,12,2024-10-15 04:00:00-03:00,2024-10-15 05:50:00-03:00,3,3,3,3,12,0,4,True
21,117,2025-04-10,0.493129770992366,12,2025-04-10 04:00:00-03:00,2025-04-10 05:50:00-03:00,3,3,3,3,12,0,4,True
21,117,2025-04-11,0.493129770992366,12,2025-04-11 04:00:00-03:00,2025-04-11 05:50:00-03:00,3,3,3,3,12,0,4,True
21,117,2025-04-12,0.493129770992366,12,2025-04-12 04:00:00-03:00,2025-04-12 05:50:00-03:00,3,3,3,3,12,0,4,True
21,117,2025-04-13,0.493129770992366,12,2025-04-13 04:00:00-03:00,2025-04-13 05:50:00-03:00,3,3,3,3,12,0,4,True
21,117,2025-04-14,0.493129770992366,12,2025-04-14 04:00:00-03:00,2025-04-14 05:50:00-03:00,3,3,3,3,12,0,4,True
21,117,2025-04-15,0.493129770992366,12,2025-04-15 04:00:00-03:00,2025-04-15 05:50:00-03:00,3,3,3,3,12,0,4,True
21,117,2025-04-16,0.493129770992366,12,2025-04-16 04:00:00-03:00,2025-04-16 05:50:00-03:00,3,3,3,3,12,0,4,True
21,117,2025-04-17,0.493129770992366,12,2025-04-17 04:00:00-03:00,2025-04-17 05:50:00-03:00,3,3,3,3,12,0,4,True
21,117,2025-04-18,0.493129770992366,12,2025-04-18 04:00:00-03:00,2025-04-18 05:50:00-03:00,3,3,3,3,12,0,4,True
21,117,2025-04-19,0.493129770992366,12,2025-04-19 04:00:00-03:00,2025-04-19 05:50:00-03:00,3,3,3,3,12,0,4,True
21,117,2025-04-20,0.493129770992366,12,2025-04-20 04:00:00-03:00,2025-04-20 05:50:00-03:00,3,3,3,3,12,0,4,True
21,117,2025-04-21,0.493129770992366,12,2025-04-21 04:00:00-03:00,2025-04-21 05:50:00-03:00,3,3,3,3,12,0,4,True
21,117,2025-04-22,0.493129770992366,12,2025-04-22 04:00:00-03:00,2025-04-22 05:50:00-03:00,3,3,3,3,12,0,4,True
21,117,2025-04-23,0.493129770992366,12,2025-04-23 04:00:00-03:00,2025-04-23 05:50:00-03:00,3,3,3,3,12,0,4,True
21,117,2025-04-24,0.493129770992366,12,2025-04-24 04:00:00-03:00,2025-04-24 05:50:00-03:00,3,3,3,3,12,0,4,True
21,117,2025-04-25,0.493129770992366,12,2025-04-25 04:00:00-03:00,2025-04-25 05:50:00-03:00,3,3,3,3,12,0,4,True
21,117,2025-04-26,0.493129770992366,12,2025-04-26 04:00:00-03:00,2025-04-26 05:50:00-03:00,3,3,3,3,12,0,4,True
21,117,2025-04-27,0.493129770992366,12,2025-04-27 04:00:00-03:00,2025-04-27 05:50:00-03:00,3,3,3,3,12,0,4,True
21,117,2025-04-28,0.493129770992366,11,2025-04-28 04:00:00-03:00,2025-04-28 05:50:00-03:00,3,2,3,3,11,0,4,True
21,117,2025-04-29,0.493129770992366,12,2025-04-29 04:00:00-03:00,2025-04-29 05:50:00-03:00,3,3,3,3,12,0,4,True
21,117,2025-04-30,0.493129770992366,12,2025-04-30 04:00:00-03:00,2025-04-30 05:50:00-03:00,3,3,3,3,12,0,4,True
22,22,2024-10-22,0.495796178343949,12,2024-10-22 04:00:00-03:00,2024-10-22 05:50:00-03:00,3,3,3,3,12,0,4,True
22,22,2024-10-23,0.495796178343949,6,2024-10-23 04:00:00-03:00,2024-10-23 04:50:00-03:00,3,3,0,0,6,0,2,False
23,50,2024-10-22,2.49337579617834,12,2024-10-22 04:00:00-03:00,2024-10-22 05:50:00-03:00,3,3,3,3,12,0,4,True
23,50,2024-10-23,2.49337579617834,12,2024-10-23 04:00:00-03:00,2024-10-23 05:50:00-03:00,3,3,3,3,12,0,4,True
23,50,2024-10-24,2.49337579617834,12,2024-10-24 04:00:00-03:00,2024-10-24 05:50:00-03:00,3,3,3,3,12,0,4,True
23,50,2024-10-25,2.49337579617834,12,2024-10-25 04:00:00-03:00,2024-10-25 05:50:00-03:00,3,3,3,3,12,0,4,True
23,50,2024-10-26,2.49337579617834,12,2024-10-26 04:00:00-03:00,2024-10-26 05:50:00-03:00,3,3,3,3,12,0,4,True
23,50,2024-10-27,2.49337579617834,12,2024-10-27 04:00:00-03:00,2024-10-27 05:50:00-03:00,3,3,3,3,12,0,4,True
23,50,2024-10-28,2.49337579617834,12,2024-10-28 04:00:00-03:00,2024-10-28 05:50:00-03:00,3,3,3,3,12,0,4,True
23,50,2024-10-29,2.49337579617834,12,2024-10-29 04:00:00-03:00,2024-10-29 05:50:00-03:00,3,3,3,3,12,0,4,True
23,50,2024-10-30,2.49337579617834,12,2024-10-30 04:00:00-03:00,2024-10-30 05:50:00-03:00,3,3,3,3,12,0,4,True
23,50,2024-10-31,2.49337579617834,12,2024-10-31 04:00:00-03:00,2024-10-31 05:50:00-03:00,3,3,3,3,12,0,4,True
23,50,2024-11-01,2.49337579617834,12,2024-11-01 04:00:00-03:00,2024-11-01 05:50:00-03:00,3,3,3,3,12,0,4,True
23,50,2024-11-02,2.49337579617834,12,2024-11-02 04:00:00-03:00,2024-11-02 05:50:00-03:00,3,3,3,3,12,0,4,True
23,50,2024-11-03,2.49337579617834,12,2024-11-03 04:00:00-03:00,2024-11-03 05:50:00-03:00,3,3,3,3,12,0,4,True
23,50,2024-11-04,2.49337579617834,12,2024-11-04 04:00:00-03:00,2024-11-04 05:50:00-03:00,3,3,3,3,12,0,4,True
23,50,2024-11-05,2.49337579617834,12,2024-11-05 04:00:00-03:00,2024-11-05 05:50:00-03:00,3,3,3,3,12,0,4,True
23,50,2024-11-06,2.49337579617834,12,2024-11-06 04:00:00-03:00,2024-11-06 05:50:00-03:00,3,3,3,3,12,0,4,True
23,50,2024-11-07,2.49337579617834,12,2024-11-07 04:00:00-03:00,2024-11-07 05:50:00-03:00,3,3,3,3,12,0,4,True
23,50,2024-11-08,2.49337579617834,12,2024-11-08 04:00:00-03:00,2024-11-08 05:50:00-03:00,3,3,3,3,12,0,4,True
23,50,2024-11-09,2.49337579617834,12,2024-11-09 04:00:00-03:00,2024-11-09 05:50:00-03:00,3,3,3,3,12,0,4,True
23,50,2024-11-10,2.49337579617834,12,2024-11-10 04:00:00-03:00,2024-11-10 05:50:00-03:00,3,3,3,3,12,0,4,True
23,50,2024-11-11,2.49337579617834,12,2024-11-11 04:00:00-03:00,2024-11-11 05:50:00-03:00,3,3,3,3,12,0,4,True
23,50,2024-11-12,2.49337579617834,12,2024-11-12 04:00:00-03:00,2024-11-12 05:50:00-03:00,3,3,3,3,12,0,4,True
23,99,2025-03-18,2.45701643489254,12,2025-03-18 04:00:00-03:00,2025-03-18 05:50:00-03:00,3,3,3,3,12,0,4,True
23,99,2025-03-19,2.45701643489254,12,2025-03-19 04:00:00-03:00,2025-03-19 05:50:00-03:00,3,3,3,3,12,0,4,True
23,99,2025-03-20,2.45701643489254,12,2025-03-20 04:00:00-03:00,2025-03-20 05:50:00-03:00,3,3,3,3,12,0,4,True
23,99,2025-03-21,2.45701643489254,12,2025-03-21 04:00:00-03:00,2025-03-21 05:50:00-03:00,3,3,3,3,12,0,4,True
23,99,2025-03-22,2.45701643489254,12,2025-03-22 04:00:00-03:00,2025-03-22 05:50:00-03:00,3,3,3,3,12,0,4,True
23,99,2025-03-23,2.45701643489254,12,2025-03-23 04:00:00-03:00,2025-03-23 05:50:00-03:00,3,3,3,3,12,0,4,True
23,99,2025-03-24,2.45701643489254,12,2025-03-24 04:00:00-03:00,2025-03-24 05:50:00-03:00,3,3,3,3,12,0,4,True
23,99,2025-03-25,2.45701643489254,12,2025-03-25 04:00:00-03:00,2025-03-25 05:50:00-03:00,3,3,3,3,12,0,4,True
23,99,2025-03-26,2.45701643489254,12,2025-03-26 04:00:00-03:00,2025-03-26 05:50:00-03:00,3,3,3,3,12,0,4,True
23,99,2025-03-27,2.45701643489254,12,2025-03-27 04:00:00-03:00,2025-03-27 05:50:00-03:00,3,3,3,3,12,0,4,True
23,99,2025-03-28,2.45701643489254,12,2025-03-28 04:00:00-03:00,2025-03-28 05:50:00-03:00,3,3,3,3,12,0,4,True
23,99,2025-03-29,2.45701643489254,12,2025-03-29 04:00:00-03:00,2025-03-29 05:50:00-03:00,3,3,3,3,12,0,4,True
23,99,2025-03-30,2.45701643489254,12,2025-03-30 04:00:00-03:00,2025-03-30 05:50:00-03:00,3,3,3,3,12,0,4,True
23,99,2025-03-31,2.45701643489254,12,2025-03-31 04:00:00-03:00,2025-03-31 05:50:00-03:00,3,3,3,3,12,0,4,True
23,99,2025-04-01,2.45701643489254,12,2025-04-01 04:00:00-03:00,2025-04-01 05:50:00-03:00,3,3,3,3,12,0,4,True
23,99,2025-04-02,2.45701643489254,12,2025-04-02 04:00:00-03:00,2025-04-02 05:50:00-03:00,3,3,3,3,12,0,4,True
23,99,2025-04-03,2.45701643489254,12,2025-04-03 04:00:00-03:00,2025-04-03 05:50:00-03:00,3,3,3,3,12,0,4,True
23,99,2025-04-04,2.45701643489254,12,2025-04-04 04:00:00-03:00,2025-04-04 05:50:00-03:00,3,3,3,3,12,0,4,True
23,99,2025-04-05,2.45701643489254,12,2025-04-05 04:00:00-03:00,2025-04-05 05:50:00-03:00,3,3,3,3,12,0,4,True
23,99,2025-04-06,2.45701643489254,12,2025-04-06 04:00:00-03:00,2025-04-06 05:50:00-03:00,3,3,3,3,12,0,4,True
23,99,2025-04-07,2.45701643489254,12,2025-04-07 04:00:00-03:00,2025-04-07 05:50:00-03:00,3,3,3,3,12,0,4,True
24,34,2024-10-22,3.0616368286445,12,2024-10-22 04:00:00-03:00,2024-10-22 05:50:00-03:00,3,3,3,3,12,0,4,True
24,34,2024-10-23,3.0616368286445,12,2024-10-23 04:00:00-03:00,2024-10-23 05:50:00-03:00,3,3,3,3,12,0,4,True
24,34,2024-10-24,3.0616368286445,12,2024-10-24 04:00:00-03:00,2024-10-24 05:50:00-03:00,3,3,3,3,12,0,4,True
24,34,2024-10-25,3.0616368286445,12,2024-10-25 04:00:00-03:00,2024-10-25 05:50:00-03:00,3,3,3,3,12,0,4,True
24,34,2024-10-26,3.0616368286445,12,2024-10-26 04:00:00-03:00,2024-10-26 05:50:00-03:00,3,3,3,3,12,0,4,True
24,34,2024-10-27,3.0616368286445,12,2024-10-27 04:00:00-03:00,2024-10-27 05:50:00-03:00,3,3,3,3,12,0,4,True
24,34,2024-10-28,3.0616368286445,12,2024-10-28 04:00:00-03:00,2024-10-28 05:50:00-03:00,3,3,3,3,12,0,4,True
24,34,2024-10-29,3.0616368286445,12,2024-10-29 04:00:00-03:00,2024-10-29 05:50:00-03:00,3,3,3,3,12,0,4,True
24,34,2024-10-30,3.0616368286445,12,2024-10-30 04:00:00-03:00,2024-10-30 05:50:00-03:00,3,3,3,3,12,0,4,True
24,34,2024-10-31,3.0616368286445,12,2024-10-31 04:00:00-03:00,2024-10-31 05:50:00-03:00,3,3,3,3,12,0,4,True
24,34,2024-11-01,3.0616368286445,12,2024-11-01 04:00:00-03:00,2024-11-01 05:50:00-03:00,3,3,3,3,12,0,4,True
24,34,2024-11-02,3.0616368286445,12,2024-11-02 04:00:00-03:00,2024-11-02 05:50:00-03:00,3,3,3,3,12,0,4,True
24,34,2024-11-03,3.0616368286445,12,2024-11-03 04:00:00-03:00,2024-11-03 05:50:00-03:00,3,3,3,3,12,0,4,True
24,34,2024-11-04,3.0616368286445,12,2024-11-04 04:00:00-03:00,2024-11-04 05:50:00-03:00,3,3,3,3,12,0,4,True
24,34,2024-11-05,3.0616368286445,12,2024-11-05 04:00:00-03:00,2024-11-05 05:50:00-03:00,3,3,3,3,12,0,4,True
24,34,2024-11-06,3.0616368286445,12,2024-11-06 04:00:00-03:00,2024-11-06 05:50:00-03:00,3,3,3,3,12,0,4,True
24,34,2024-11-07,3.0616368286445,12,2024-11-07 04:00:00-03:00,2024-11-07 05:50:00-03:00,3,3,3,3,12,0,4,True
24,34,2024-11-08,3.0616368286445,12,2024-11-08 04:00:00-03:00,2024-11-08 05:50:00-03:00,3,3,3,3,12,0,4,True
24,34,2024-11-09,3.0616368286445,12,2024-11-09 04:00:00-03:00,2024-11-09 05:50:00-03:00,3,3,3,3,12,0,4,True
24,34,2024-11-10,3.0616368286445,12,2024-11-10 04:00:00-03:00,2024-11-10 05:50:00-03:00,3,3,3,3,12,0,4,True
24,34,2024-11-11,3.0616368286445,12,2024-11-11 04:00:00-03:00,2024-11-11 05:50:00-03:00,3,3,3,3,12,0,4,True
24,34,2024-11-12,3.0616368286445,12,2024-11-12 04:00:00-03:00,2024-11-12 05:50:00-03:00,3,3,3,3,12,0,4,True
24,100,2025-03-18,3.06117496807152,12,2025-03-18 04:00:00-03:00,2025-03-18 05:50:00-03:00,3,3,3,3,12,0,4,True
24,100,2025-03-19,3.06117496807152,12,2025-03-19 04:00:00-03:00,2025-03-19 05:50:00-03:00,3,3,3,3,12,0,4,True
24,100,2025-03-20,3.06117496807152,12,2025-03-20 04:00:00-03:00,2025-03-20 05:50:00-03:00,3,3,3,3,12,0,4,True
24,100,2025-03-21,3.06117496807152,12,2025-03-21 04:00:00-03:00,2025-03-21 05:50:00-03:00,3,3,3,3,12,0,4,True
24,100,2025-03-22,3.06117496807152,12,2025-03-22 04:00:00-03:00,2025-03-22 05:50:00-03:00,3,3,3,3,12,0,4,True
24,100,2025-03-23,3.06117496807152,12,2025-03-23 04:00:00-03:00,2025-03-23 05:50:00-03:00,3,3,3,3,12,0,4,True
24,100,2025-03-24,3.06117496807152,12,2025-03-24 04:00:00-03:00,2025-03-24 05:50:00-03:00,3,3,3,3,12,0,4,True
24,100,2025-03-25,3.06117496807152,12,2025-03-25 04:00:00-03:00,2025-03-25 05:50:00-03:00,3,3,3,3,12,0,4,True
24,100,2025-03-26,3.06117496807152,12,2025-03-26 04:00:00-03:00,2025-03-26 05:50:00-03:00,3,3,3,3,12,0,4,True
24,100,2025-03-27,3.06117496807152,12,2025-03-27 04:00:00-03:00,2025-03-27 05:50:00-03:00,3,3,3,3,12,0,4,True
24,100,2025-03-28,3.06117496807152,12,2025-03-28 04:00:00-03:00,2025-03-28 05:50:00-03:00,3,3,3,3,12,0,4,True
24,100,2025-03-29,3.06117496807152,12,2025-03-29 04:00:00-03:00,2025-03-29 05:50:00-03:00,3,3,3,3,12,0,4,True
24,100,2025-03-30,3.06117496807152,12,2025-03-30 04:00:00-03:00,2025-03-30 05:50:00-03:00,3,3,3,3,12,0,4,True
24,100,2025-03-31,3.06117496807152,12,2025-03-31 04:00:00-03:00,2025-03-31 05:50:00-03:00,3,3,3,3,12,0,4,True
24,100,2025-04-01,3.06117496807152,12,2025-04-01 04:00:00-03:00,2025-04-01 05:50:00-03:00,3,3,3,3,12,0,4,True
24,100,2025-04-02,3.06117496807152,12,2025-04-02 04:00:00-03:00,2025-04-02 05:50:00-03:00,3,3,3,3,12,0,4,True
24,100,2025-04-03,3.06117496807152,12,2025-04-03 04:00:00-03:00,2025-04-03 05:50:00-03:00,3,3,3,3,12,0,4,True
24,100,2025-04-04,3.06117496807152,12,2025-04-04 04:00:00-03:00,2025-04-04 05:50:00-03:00,3,3,3,3,12,0,4,True
24,100,2025-04-05,3.06117496807152,12,2025-04-05 04:00:00-03:00,2025-04-05 05:50:00-03:00,3,3,3,3,12,0,4,True
24,100,2025-04-06,3.06117496807152,12,2025-04-06 04:00:00-03:00,2025-04-06 05:50:00-03:00,3,3,3,3,12,0,4,True
24,100,2025-04-07,3.06117496807152,12,2025-04-07 04:00:00-03:00,2025-04-07 05:50:00-03:00,3,3,3,3,12,0,4,True
25,45,2024-10-23,1.99289340101523,12,2024-10-23 04:00:00-03:00,2024-10-23 05:50:00-03:00,3,3,3,3,12,0,4,True
25,45,2024-10-24,1.99289340101523,12,2024-10-24 04:00:00-03:00,2024-10-24 05:50:00-03:00,3,3,3,3,12,0,4,True
25,45,2024-10-25,1.99289340101523,12,2024-10-25 04:00:00-03:00,2024-10-25 05:50:00-03:00,3,3,3,3,12,0,4,True
25,45,2024-10-26,1.99289340101523,12,2024-10-26 04:00:00-03:00,2024-10-26 05:50:00-03:00,3,3,3,3,12,0,4,True
25,45,2024-10-27,1.99289340101523,12,2024-10-27 04:00:00-03:00,2024-10-27 05:50:00-03:00,3,3,3,3,12,0,4,True
25,45,2024-10-28,1.99289340101523,7,2024-10-28 04:50:00-03:00,2024-10-28 05:50:00-03:00,0,1,3,3,7,0,3,False
25,45,2024-10-29,1.99289340101523,12,2024-10-29 04:00:00-03:00,2024-10-29 05:50:00-03:00,3,3,3,3,12,0,4,True
25,45,2024-10-30,1.99289340101523,12,2024-10-30 04:00:00-03:00,2024-10-30 05:50:00-03:00,3,3,3,3,12,0,4,True
25,45,2024-10-31,1.99289340101523,12,2024-10-31 04:00:00-03:00,2024-10-31 05:50:00-03:00,3,3,3,3,12,0,4,True
25,45,2024-11-01,1.99289340101523,11,2024-11-01 04:00:00-03:00,2024-11-01 05:50:00-03:00,3,2,3,3,11,0,4,True
25,45,2024-11-02,1.99289340101523,10,2024-11-02 04:10:00-03:00,2024-11-02 05:50:00-03:00,2,3,3,2,10,0,4,True
25,45,2024-11-03,1.99289340101523,12,2024-11-03 04:00:00-03:00,2024-11-03 05:50:00-03:00,3,3,3,3,12,0,4,True
25,45,2024-11-04,1.99289340101523,11,2024-11-04 04:00:00-03:00,2024-11-04 05:40:00-03:00,3,3,3,2,11,0,4,True
25,45,2024-11-05,1.99289340101523,11,2024-11-05 04:00:00-03:00,2024-11-05 05:50:00-03:00,3,2,3,3,11,0,4,True
25,45,2024-11-06,1.99289340101523,12,2024-11-06 04:00:00-03:00,2024-11-06 05:50:00-03:00,3,3,3,3,12,0,4,True
25,45,2024-11-07,1.99289340101523,12,2024-11-07 04:00:00-03:00,2024-11-07 05:50:00-03:00,3,3,3,3,12,0,4,True
25,45,2024-11-08,1.99289340101523,12,2024-11-08 04:00:00-03:00,2024-11-08 05:50:00-03:00,3,3,3,3,12,0,4,True
25,45,2024-11-09,1.99289340101523,12,2024-11-09 04:00:00-03:00,2024-11-09 05:50:00-03:00,3,3,3,3,12,0,4,True
25,45,2024-11-10,1.99289340101523,12,2024-11-10 04:00:00-03:00,2024-11-10 05:50:00-03:00,3,3,3,3,12,0,4,True
25,45,2024-11-11,1.99289340101523,12,2024-11-11 04:00:00-03:00,2024-11-11 05:50:00-03:00,3,3,3,3,12,0,4,True
25,45,2024-11-12,1.99289340101523,12,2024-11-12 04:00:00-03:00,2024-11-12 05:50:00-03:00,3,3,3,3,12,0,4,True
25,194,2025-07-15,1.99745870393901,11,2025-07-15 04:00:00-03:00,2025-07-15 05:40:00-03:00,3,3,3,2,11,0,4,True
25,194,2025-07-16,1.99745870393901,12,2025-07-16 04:00:00-03:00,2025-07-16 05:50:00-03:00,3,3,3,3,12,0,4,True
25,194,2025-07-17,1.99745870393901,12,2025-07-17 04:00:00-03:00,2025-07-17 05:50:00-03:00,3,3,3,3,12,0,4,True
25,194,2025-07-18,1.99745870393901,12,2025-07-18 04:00:00-03:00,2025-07-18 05:50:00-03:00,3,3,3,3,12,0,4,True
25,194,2025-07-19,1.99745870393901,12,2025-07-19 04:00:00-03:00,2025-07-19 05:50:00-03:00,3,3,3,3,12,0,4,True
25,194,2025-07-20,1.99745870393901,12,2025-07-20 04:00:00-03:00,2025-07-20 05:50:00-03:00,3,3,3,3,12,0,4,True
25,194,2025-07-21,1.99745870393901,12,2025-07-21 04:00:00-03:00,2025-07-21 05:50:00-03:00,3,3,3,3,12,0,4,True
25,194,2025-07-22,1.99745870393901,12,2025-07-22 04:00:00-03:00,2025-07-22 05:50:00-03:00,3,3,3,3,12,0,4,True
25,194,2025-07-23,1.99745870393901,12,2025-07-23 04:00:00-03:00,2025-07-23 05:50:00-03:00,3,3,3,3,12,0,4,True
25,194,2025-07-24,1.99745870393901,8,2025-07-24 04:10:00-03:00,2025-07-24 05:40:00-03:00,1,3,2,2,8,0,4,True
26,47,2024-10-23,2.19421383647799,12,2024-10-23 04:00:00-03:00,2024-10-23 05:50:00-03:00,3,3,3,3,12,0,4,True
26,47,2024-10-24,2.19421383647799,12,2024-10-24 04:00:00-03:00,2024-10-24 05:50:00-03:00,3,3,3,3,12,0,4,True
26,47,2024-10-25,2.19421383647799,12,2024-10-25 04:00:00-03:00,2024-10-25 05:50:00-03:00,3,3,3,3,12,0,4,True
26,47,2024-10-26,2.19421383647799,10,2024-10-26 04:00:00-03:00,2024-10-26 05:50:00-03:00,3,3,2,2,10,0,4,True
26,47,2024-10-27,2.19421383647799,11,2024-10-27 04:00:00-03:00,2024-10-27 05:50:00-03:00,3,3,3,2,11,0,4,True
26,47,2024-10-28,2.19421383647799,4,2024-10-28 05:00:00-03:00,2024-10-28 05:50:00-03:00,0,0,1,3,4,0,2,False
26,47,2024-10-29,2.19421383647799,12,2024-10-29 04:00:00-03:00,2024-10-29 05:50:00-03:00,3,3,3,3,12,0,4,True
26,47,2024-10-30,2.19421383647799,12,2024-10-30 04:00:00-03:00,2024-10-30 05:50:00-03:00,3,3,3,3,12,0,4,True
26,47,2024-10-31,2.19421383647799,10,2024-10-31 04:00:00-03:00,2024-10-31 05:50:00-03:00,2,3,3,2,10,0,4,True
26,47,2024-11-01,2.19421383647799,9,2024-11-01 04:00:00-03:00,2024-11-01 05:50:00-03:00,1,2,3,3,9,0,4,True
26,47,2024-11-02,2.19421383647799,1,2024-11-02 04:50:00-03:00,2024-11-02 04:50:00-03:00,0,1,0,0,1,0,1,False
26,47,2024-11-03,2.19421383647799,10,2024-11-03 04:00:00-03:00,2024-11-03 05:40:00-03:00,3,3,2,2,10,0,4,True
26,47,2024-11-04,2.19421383647799,8,2024-11-04 04:00:00-03:00,2024-11-04 05:30:00-03:00,3,2,2,1,8,0,4,True
26,47,2024-11-05,2.19421383647799,5,2024-11-05 04:00:00-03:00,2024-11-05 05:10:00-03:00,3,1,1,0,5,0,3,False
26,47,2024-11-06,2.19421383647799,6,2024-11-06 04:50:00-03:00,2024-11-06 05:40:00-03:00,0,1,3,2,6,0,3,False
26,47,2024-11-07,2.19421383647799,6,2024-11-07 04:00:00-03:00,2024-11-07 05:40:00-03:00,2,2,1,1,6,0,4,True
26,47,2024-11-08,2.19421383647799,11,2024-11-08 04:10:00-03:00,2024-11-08 05:50:00-03:00,2,3,3,3,11,0,4,True
26,47,2024-11-09,2.19421383647799,12,2024-11-09 04:00:00-03:00,2024-11-09 05:50:00-03:00,3,3,3,3,12,0,4,True
26,47,2024-11-10,2.19421383647799,9,2024-11-10 04:10:00-03:00,2024-11-10 05:40:00-03:00,2,2,3,2,9,0,4,True
26,47,2024-11-11,2.19421383647799,11,2024-11-11 04:00:00-03:00,2024-11-11 05:50:00-03:00,3,3,2,3,11,0,4,True
26,47,2024-11-12,2.19421383647799,12,2024-11-12 04:00:00-03:00,2024-11-12 05:50:00-03:00,3,3,3,3,12,0,4,True
26,125,2025-05-04,2.15050505050505,12,2025-05-04 04:00:00-03:00,2025-05-04 05:50:00-03:00,3,3,3,3,12,0,4,True
26,125,2025-05-05,2.15050505050505,12,2025-05-05 04:00:00-03:00,2025-05-05 05:50:00-03:00,3,3,3,3,12,0,4,True
26,125,2025-05-06,2.15050505050505,12,2025-05-06 04:00:00-03:00,2025-05-06 05:50:00-03:00,3,3,3,3,12,0,4,True
26,125,2025-05-07,2.15050505050505,12,2025-05-07 04:00:00-03:00,2025-05-07 05:50:00-03:00,3,3,3,3,12,0,4,True
26,125,2025-05-08,2.15050505050505,12,2025-05-08 04:00:00-03:00,2025-05-08 05:50:00-03:00,3,3,3,3,12,0,4,True
26,125,2025-05-09,2.15050505050505,4,2025-05-09 04:10:00-03:00,2025-05-09 04:50:00-03:00,1,3,0,0,4,0,2,False
26,125,2025-05-10,2.15050505050505,8,2025-05-10 04:20:00-03:00,2025-05-10 05:40:00-03:00,1,3,2,2,8,0,4,True
26,193,2025-07-15,2.18061224489796,2,2025-07-15 04:20:00-03:00,2025-07-15 04:30:00-03:00,1,1,0,0,2,0,2,False
26,193,2025-07-16,2.18061224489796,10,2025-07-16 04:00:00-03:00,2025-07-16 05:50:00-03:00,3,3,2,2,10,0,4,True
26,193,2025-07-17,2.18061224489796,11,2025-07-17 04:00:00-03:00,2025-07-17 05:50:00-03:00,3,2,3,3,11,0,4,True
26,193,2025-07-18,2.18061224489796,11,2025-07-18 04:00:00-03:00,2025-07-18 05:40:00-03:00,3,3,3,2,11,0,4,True
26,193,2025-07-19,2.18061224489796,12,2025-07-19 04:00:00-03:00,2025-07-19 05:50:00-03:00,3,3,3,3,12,0,4,True
26,193,2025-07-20,2.18061224489796,10,2025-07-20 04:00:00-03:00,2025-07-20 05:50:00-03:00,3,2,2,3,10,0,4,True
26,193,2025-07-21,2.18061224489796,9,2025-07-21 04:10:00-03:00,2025-07-21 05:40:00-03:00,2,3,2,2,9,0,4,True
26,193,2025-07-22,2.18061224489796,11,2025-07-22 04:00:00-03:00,2025-07-22 05:50:00-03:00,2,3,3,3,11,0,4,True
26,193,2025-07-23,2.18061224489796,12,2025-07-23 04:00:00-03:00,2025-07-23 05:50:00-03:00,3,3,3,3,12,0,4,True
26,193,2025-07-24,2.18061224489796,2,2025-07-24 04:00:00-03:00,2025-07-24 04:30:00-03:00,1,1,0,0,2,0,2,False
26,193,2025-07-25,2.18061224489796,10,2025-07-25 04:00:00-03:00,2025-07-25 05:50:00-03:00,1,3,3,3,10,0,4,True
26,193,2025-07-26,2.18061224489796,10,2025-07-26 04:00:00-03:00,2025-07-26 05:50:00-03:00,2,2,3,3,10,0,4,True
26,193,2025-07-28,2.18061224489796,12,2025-07-28 04:00:00-03:00,2025-07-28 05:50:00-03:00,3,3,3,3,12,0,4,True
26,193,2025-07-29,2.18061224489796,11,2025-07-29 04:00:00-03:00,2025-07-29 05:50:00-03:00,3,2,3,3,11,0,4,True
26,193,2025-07-30,2.18061224489796,11,2025-07-30 04:00:00-03:00,2025-07-30 05:50:00-03:00,2,3,3,3,11,0,4,True
26,193,2025-07-31,2.18061224489796,12,2025-07-31 04:00:00-03:00,2025-07-31 05:50:00-03:00,3,3,3,3,12,0,4,True
26,193,2025-08-01,2.18061224489796,12,2025-08-01 04:00:00-03:00,2025-08-01 05:50:00-03:00,3,3,3,3,12,0,4,True
27,195,2025-07-15,2.81967213114754,12,2025-07-15 04:00:00-03:00,2025-07-15 05:50:00-03:00,3,3,3,3,12,0,4,True
27,195,2025-07-16,2.81967213114754,12,2025-07-16 04:00:00-03:00,2025-07-16 05:50:00-03:00,3,3,3,3,12,0,4,True
27,195,2025-07-17,2.81967213114754,12,2025-07-17 04:00:00-03:00,2025-07-17 05:50:00-03:00,3,3,3,3,12,0,4,True
27,195,2025-07-18,2.81967213114754,12,2025-07-18 04:00:00-03:00,2025-07-18 05:50:00-03:00,3,3,3,3,12,0,4,True
27,195,2025-07-19,2.81967213114754,12,2025-07-19 04:00:00-03:00,2025-07-19 05:50:00-03:00,3,3,3,3,12,0,4,True
27,195,2025-07-20,2.81967213114754,12,2025-07-20 04:00:00-03:00,2025-07-20 05:50:00-03:00,3,3,3,3,12,0,4,True
27,195,2025-07-21,2.81967213114754,12,2025-07-21 04:00:00-03:00,2025-07-21 05:50:00-03:00,3,3,3,3,12,0,4,True
27,195,2025-07-22,2.81967213114754,12,2025-07-22 04:00:00-03:00,2025-07-22 05:50:00-03:00,3,3,3,3,12,0,4,True
27,195,2025-07-23,2.81967213114754,12,2025-07-23 04:00:00-03:00,2025-07-23 05:50:00-03:00,3,3,3,3,12,0,4,True
27,195,2025-07-24,2.81967213114754,12,2025-07-24 04:00:00-03:00,2025-07-24 05:50:00-03:00,3,3,3,3,12,0,4,True
27,195,2025-07-25,2.81967213114754,12,2025-07-25 04:00:00-03:00,2025-07-25 05:50:00-03:00,3,3,3,3,12,0,4,True
27,195,2025-07-26,2.81967213114754,12,2025-07-26 04:00:00-03:00,2025-07-26 05:50:00-03:00,3,3,3,3,12,0,4,True
27,195,2025-07-27,2.81967213114754,12,2025-07-27 04:00:00-03:00,2025-07-27 05:50:00-03:00,3,3,3,3,12,0,4,True
27,195,2025-07-28,2.81967213114754,12,2025-07-28 04:00:00-03:00,2025-07-28 05:50:00-03:00,3,3,3,3,12,0,4,True
27,195,2025-07-29,2.81967213114754,11,2025-07-29 04:00:00-03:00,2025-07-29 05:40:00-03:00,3,3,3,2,11,0,4,True
27,195,2025-07-30,2.81967213114754,12,2025-07-30 04:00:00-03:00,2025-07-30 05:50:00-03:00,3,3,3,3,12,0,4,True
27,195,2025-07-31,2.81967213114754,12,2025-07-31 04:00:00-03:00,2025-07-31 05:50:00-03:00,3,3,3,3,12,0,4,True
27,195,2025-08-01,2.81967213114754,12,2025-08-01 04:00:00-03:00,2025-08-01 05:50:00-03:00,3,3,3,3,12,0,4,True
27,195,2025-08-02,2.81967213114754,12,2025-08-02 04:00:00-03:00,2025-08-02 05:50:00-03:00,3,3,3,3,12,0,4,True
27,195,2025-08-05,2.81967213114754,2,2025-08-05 04:00:00-03:00,2025-08-05 04:10:00-03:00,2,0,0,0,2,0,1,False
29,41,2024-10-23,3.29092055485498,12,2024-10-23 04:00:00-03:00,2024-10-23 05:50:00-03:00,3,3,3,3,12,0,4,True
29,41,2024-10-24,3.29092055485498,12,2024-10-24 04:00:00-03:00,2024-10-24 05:50:00-03:00,3,3,3,3,12,0,4,True
29,41,2024-10-25,3.29092055485498,12,2024-10-25 04:00:00-03:00,2024-10-25 05:50:00-03:00,3,3,3,3,12,0,4,True
29,41,2024-10-26,3.29092055485498,9,2024-10-26 04:00:00-03:00,2024-10-26 05:30:00-03:00,3,2,3,1,9,0,4,True
29,41,2024-10-27,3.29092055485498,12,2024-10-27 04:00:00-03:00,2024-10-27 05:50:00-03:00,3,3,3,3,12,0,4,True
29,41,2024-10-28,3.29092055485498,7,2024-10-28 04:00:00-03:00,2024-10-28 05:10:00-03:00,2,3,2,0,7,0,3,False
29,41,2024-10-29,3.29092055485498,12,2024-10-29 04:00:00-03:00,2024-10-29 05:50:00-03:00,3,3,3,3,12,0,4,True
29,41,2024-10-30,3.29092055485498,12,2024-10-30 04:00:00-03:00,2024-10-30 05:50:00-03:00,3,3,3,3,12,0,4,True
29,41,2024-10-31,3.29092055485498,12,2024-10-31 04:00:00-03:00,2024-10-31 05:50:00-03:00,3,3,3,3,12,0,4,True
29,41,2024-11-01,3.29092055485498,12,2024-11-01 04:00:00-03:00,2024-11-01 05:50:00-03:00,3,3,3,3,12,0,4,True
29,41,2024-11-02,3.29092055485498,11,2024-11-02 04:00:00-03:00,2024-11-02 05:50:00-03:00,3,3,3,2,11,0,4,True
29,41,2024-11-03,3.29092055485498,12,2024-11-03 04:00:00-03:00,2024-11-03 05:50:00-03:00,3,3,3,3,12,0,4,True
29,41,2024-11-04,3.29092055485498,10,2024-11-04 04:00:00-03:00,2024-11-04 05:30:00-03:00,3,3,3,1,10,0,4,True
29,41,2024-11-05,3.29092055485498,6,2024-11-05 04:00:00-03:00,2024-11-05 05:40:00-03:00,1,1,2,2,6,0,4,True
29,41,2024-11-06,3.29092055485498,12,2024-11-06 04:00:00-03:00,2024-11-06 05:50:00-03:00,3,3,3,3,12,0,4,True
29,41,2024-11-07,3.29092055485498,6,2024-11-07 04:20:00-03:00,2024-11-07 05:30:00-03:00,1,3,1,1,6,0,4,True
29,41,2024-11-08,3.29092055485498,12,2024-11-08 04:00:00-03:00,2024-11-08 05:50:00-03:00,3,3,3,3,12,0,4,True
29,41,2024-11-09,3.29092055485498,9,2024-11-09 04:10:00-03:00,2024-11-09 05:40:00-03:00,1,3,3,2,9,0,4,True
29,41,2024-11-10,3.29092055485498,3,2024-11-10 05:00:00-03:00,2024-11-10 05:40:00-03:00,0,0,2,1,3,0,2,False
29,196,2025-07-15,3.25476493011436,12,2025-07-15 04:00:00-03:00,2025-07-15 05:50:00-03:00,3,3,3,3,12,0,4,True
29,196,2025-07-16,3.25476493011436,12,2025-07-16 04:00:00-03:00,2025-07-16 05:50:00-03:00,3,3,3,3,12,0,4,True
29,196,2025-07-17,3.25476493011436,12,2025-07-17 04:00:00-03:00,2025-07-17 05:50:00-03:00,3,3,3,3,12,0,4,True
29,196,2025-07-18,3.25476493011436,12,2025-07-18 04:00:00-03:00,2025-07-18 05:50:00-03:00,3,3,3,3,12,0,4,True
29,196,2025-07-19,3.25476493011436,12,2025-07-19 04:00:00-03:00,2025-07-19 05:50:00-03:00,3,3,3,3,12,0,4,True
29,196,2025-07-20,3.25476493011436,12,2025-07-20 04:00:00-03:00,2025-07-20 05:50:00-03:00,3,3,3,3,12,0,4,True
29,196,2025-07-21,3.25476493011436,11,2025-07-21 04:10:00-03:00,2025-07-21 05:50:00-03:00,2,3,3,3,11,0,4,True
29,196,2025-07-22,3.25476493011436,12,2025-07-22 04:00:00-03:00,2025-07-22 05:50:00-03:00,3,3,3,3,12,0,4,True
29,196,2025-07-23,3.25476493011436,12,2025-07-23 04:00:00-03:00,2025-07-23 05:50:00-03:00,3,3,3,3,12,0,4,True
29,196,2025-07-24,3.25476493011436,12,2025-07-24 04:00:00-03:00,2025-07-24 05:50:00-03:00,3,3,3,3,12,0,4,True
29,196,2025-07-25,3.25476493011436,12,2025-07-25 04:00:00-03:00,2025-07-25 05:50:00-03:00,3,3,3,3,12,0,4,True
29,196,2025-07-26,3.25476493011436,12,2025-07-26 04:00:00-03:00,2025-07-26 05:50:00-03:00,3,3,3,3,12,0,4,True
29,196,2025-07-27,3.25476493011436,12,2025-07-27 04:00:00-03:00,2025-07-27 05:50:00-03:00,3,3,3,3,12,0,4,True
29,196,2025-07-28,3.25476493011436,12,2025-07-28 04:00:00-03:00,2025-07-28 05:50:00-03:00,3,3,3,3,12,0,4,True
29,196,2025-07-29,3.25476493011436,10,2025-07-29 04:00:00-03:00,2025-07-29 05:40:00-03:00,3,3,3,1,10,0,4,True
29,196,2025-07-30,3.25476493011436,12,2025-07-30 04:00:00-03:00,2025-07-30 05:50:00-03:00,3,3,3,3,12,0,4,True
29,196,2025-07-31,3.25476493011436,12,2025-07-31 04:00:00-03:00,2025-07-31 05:50:00-03:00,3,3,3,3,12,0,4,True
29,196,2025-08-01,3.25476493011436,12,2025-08-01 04:00:00-03:00,2025-08-01 05:50:00-03:00,3,3,3,3,12,0,4,True
29,196,2025-08-02,3.25476493011436,12,2025-08-02 04:00:00-03:00,2025-08-02 05:50:00-03:00,3,3,3,3,12,0,4,True
29,196,2025-08-03,3.25476493011436,12,2025-08-03 04:00:00-03:00,2025-08-03 05:50:00-03:00,3,3,3,3,12,0,4,True
29,196,2025-08-04,3.25476493011436,12,2025-08-04 04:00:00-03:00,2025-08-04 05:50:00-03:00,3,3,3,3,12,0,4,True
30,197,2025-07-15,3.67509529860229,12,2025-07-15 04:00:00-03:00,2025-07-15 05:50:00-03:00,3,3,3,3,12,0,4,True
30,197,2025-07-16,3.67509529860229,12,2025-07-16 04:00:00-03:00,2025-07-16 05:50:00-03:00,3,3,3,3,12,0,4,True
30,197,2025-07-17,3.67509529860229,12,2025-07-17 04:00:00-03:00,2025-07-17 05:50:00-03:00,3,3,3,3,12,0,4,True
30,197,2025-07-18,3.67509529860229,12,2025-07-18 04:00:00-03:00,2025-07-18 05:50:00-03:00,3,3,3,3,12,0,4,True
30,197,2025-07-19,3.67509529860229,12,2025-07-19 04:00:00-03:00,2025-07-19 05:50:00-03:00,3,3,3,3,12,0,4,True
30,197,2025-07-20,3.67509529860229,12,2025-07-20 04:00:00-03:00,2025-07-20 05:50:00-03:00,3,3,3,3,12,0,4,True
30,197,2025-07-21,3.67509529860229,12,2025-07-21 04:00:00-03:00,2025-07-21 05:50:00-03:00,3,3,3,3,12,0,4,True
30,197,2025-07-22,3.67509529860229,12,2025-07-22 04:00:00-03:00,2025-07-22 05:50:00-03:00,3,3,3,3,12,0,4,True
30,197,2025-07-23,3.67509529860229,12,2025-07-23 04:00:00-03:00,2025-07-23 05:50:00-03:00,3,3,3,3,12,0,4,True
30,197,2025-07-24,3.67509529860229,12,2025-07-24 04:00:00-03:00,2025-07-24 05:50:00-03:00,3,3,3,3,12,0,4,True
31,32,2024-10-21,0.0,12,2024-10-21 04:00:00-03:00,2024-10-21 05:50:00-03:00,3,3,3,3,12,0,4,True
31,32,2024-10-22,0.0,12,2024-10-22 04:00:00-03:00,2024-10-22 05:50:00-03:00,3,3,3,3,12,0,4,True
31,32,2024-10-23,0.0,12,2024-10-23 04:00:00-03:00,2024-10-23 05:50:00-03:00,3,3,3,3,12,0,4,True
31,32,2024-10-24,0.0,12,2024-10-24 04:00:00-03:00,2024-10-24 05:50:00-03:00,3,3,3,3,12,0,4,True
31,32,2024-10-25,0.0,12,2024-10-25 04:00:00-03:00,2024-10-25 05:50:00-03:00,3,3,3,3,12,0,4,True
31,32,2024-10-26,0.0,12,2024-10-26 04:00:00-03:00,2024-10-26 05:50:00-03:00,3,3,3,3,12,0,4,True
31,32,2024-10-27,0.0,12,2024-10-27 04:00:00-03:00,2024-10-27 05:50:00-03:00,3,3,3,3,12,0,4,True
31,32,2024-10-28,0.0,12,2024-10-28 04:00:00-03:00,2024-10-28 05:50:00-03:00,3,3,3,3,12,0,4,True
31,32,2024-10-29,0.0,12,2024-10-29 04:00:00-03:00,2024-10-29 05:50:00-03:00,3,3,3,3,12,0,4,True
31,32,2024-10-30,0.0,12,2024-10-30 04:00:00-03:00,2024-10-30 05:50:00-03:00,3,3,3,3,12,0,4,True
31,32,2024-10-31,0.0,12,2024-10-31 04:00:00-03:00,2024-10-31 05:50:00-03:00,3,3,3,3,12,0,4,True
31,32,2024-11-01,0.0,12,2024-11-01 04:00:00-03:00,2024-11-01 05:50:00-03:00,3,3,3,3,12,0,4,True
31,32,2024-11-02,0.0,12,2024-11-02 04:00:00-03:00,2024-11-02 05:50:00-03:00,3,3,3,3,12,0,4,True
31,32,2024-11-03,0.0,12,2024-11-03 04:00:00-03:00,2024-11-03 05:50:00-03:00,3,3,3,3,12,0,4,True
31,32,2024-11-04,0.0,12,2024-11-04 04:00:00-03:00,2024-11-04 05:50:00-03:00,3,3,3,3,12,0,4,True
31,32,2024-11-05,0.0,12,2024-11-05 04:00:00-03:00,2024-11-05 05:50:00-03:00,3,3,3,3,12,0,4,True
31,32,2024-11-06,0.0,12,2024-11-06 04:00:00-03:00,2024-11-06 05:50:00-03:00,3,3,3,3,12,0,4,True
31,32,2024-11-07,0.0,12,2024-11-07 04:00:00-03:00,2024-11-07 05:50:00-03:00,3,3,3,3,12,0,4,True
31,32,2024-11-08,0.0,12,2024-11-08 04:00:00-03:00,2024-11-08 05:50:00-03:00,3,3,3,3,12,0,4,True
31,32,2024-11-09,0.0,12,2024-11-09 04:00:00-03:00,2024-11-09 05:50:00-03:00,3,3,3,3,12,0,4,True
31,32,2024-11-10,0.0,12,2024-11-10 04:00:00-03:00,2024-11-10 05:50:00-03:00,3,3,3,3,12,0,4,True
31,94,2025-03-18,0.0,12,2025-03-18 04:00:00-03:00,2025-03-18 05:50:00-03:00,3,3,3,3,12,0,4,True
31,94,2025-03-19,0.0,12,2025-03-19 04:00:00-03:00,2025-03-19 05:50:00-03:00,3,3,3,3,12,0,4,True
31,94,2025-03-20,0.0,12,2025-03-20 04:00:00-03:00,2025-03-20 05:50:00-03:00,3,3,3,3,12,0,4,True
31,94,2025-03-21,0.0,12,2025-03-21 04:00:00-03:00,2025-03-21 05:50:00-03:00,3,3,3,3,12,0,4,True
31,94,2025-03-22,0.0,12,2025-03-22 04:00:00-03:00,2025-03-22 05:50:00-03:00,3,3,3,3,12,0,4,True
31,94,2025-03-23,0.0,12,2025-03-23 04:00:00-03:00,2025-03-23 05:50:00-03:00,3,3,3,3,12,0,4,True
31,94,2025-03-24,0.0,12,2025-03-24 04:00:00-03:00,2025-03-24 05:50:00-03:00,3,3,3,3,12,0,4,True
31,94,2025-03-25,0.0,12,2025-03-25 04:00:00-03:00,2025-03-25 05:50:00-03:00,3,3,3,3,12,0,4,True
31,94,2025-03-26,0.0,12,2025-03-26 04:00:00-03:00,2025-03-26 05:50:00-03:00,3,3,3,3,12,0,4,True
31,94,2025-03-27,0.0,12,2025-03-27 04:00:00-03:00,2025-03-27 05:50:00-03:00,3,3,3,3,12,0,4,True
31,94,2025-03-28,0.0,12,2025-03-28 04:00:00-03:00,2025-03-28 05:50:00-03:00,3,3,3,3,12,0,4,True
31,94,2025-03-29,0.0,12,2025-03-29 04:00:00-03:00,2025-03-29 05:50:00-03:00,3,3,3,3,12,0,4,True
31,94,2025-03-30,0.0,12,2025-03-30 04:00:00-03:00,2025-03-30 05:50:00-03:00,3,3,3,3,12,0,4,True
31,94,2025-03-31,0.0,12,2025-03-31 04:00:00-03:00,2025-03-31 05:50:00-03:00,3,3,3,3,12,0,4,True
31,94,2025-04-01,0.0,12,2025-04-01 04:00:00-03:00,2025-04-01 05:50:00-03:00,3,3,3,3,12,0,4,True
31,94,2025-04-02,0.0,12,2025-04-02 04:00:00-03:00,2025-04-02 05:50:00-03:00,3,3,3,3,12,0,4,True
31,94,2025-04-03,0.0,12,2025-04-03 04:00:00-03:00,2025-04-03 05:50:00-03:00,3,3,3,3,12,0,4,True
31,94,2025-04-04,0.0,12,2025-04-04 04:00:00-03:00,2025-04-04 05:50:00-03:00,3,3,3,3,12,0,4,True
31,94,2025-04-05,0.0,12,2025-04-05 04:00:00-03:00,2025-04-05 05:50:00-03:00,3,3,3,3,12,0,4,True
31,94,2025-04-06,0.0,12,2025-04-06 04:00:00-03:00,2025-04-06 05:50:00-03:00,3,3,3,3,12,0,4,True
31,94,2025-04-07,0.0,12,2025-04-07 04:00:00-03:00,2025-04-07 05:50:00-03:00,3,3,3,3,12,0,4,True
32,64,2024-10-21,0.060559796437659,12,2024-10-21 04:00:00-03:00,2024-10-21 05:50:00-03:00,3,3,3,3,12,0,4,True
32,64,2024-10-22,0.060559796437659,12,2024-10-22 04:00:00-03:00,2024-10-22 05:50:00-03:00,3,3,3,3,12,0,4,True
32,64,2024-10-23,0.060559796437659,12,2024-10-23 04:00:00-03:00,2024-10-23 05:50:00-03:00,3,3,3,3,12,0,4,True
32,64,2024-10-24,0.060559796437659,11,2024-10-24 04:00:00-03:00,2024-10-24 05:50:00-03:00,2,3,3,3,11,0,4,True
32,64,2024-10-25,0.060559796437659,11,2024-10-25 04:00:00-03:00,2024-10-25 05:50:00-03:00,3,3,2,3,11,0,4,True
32,64,2024-10-26,0.060559796437659,8,2024-10-26 04:20:00-03:00,2024-10-26 05:50:00-03:00,1,2,3,2,8,0,4,True
32,64,2024-10-27,0.060559796437659,12,2024-10-27 04:00:00-03:00,2024-10-27 05:50:00-03:00,3,3,3,3,12,0,4,True
32,64,2024-10-28,0.060559796437659,12,2024-10-28 04:00:00-03:00,2024-10-28 05:50:00-03:00,3,3,3,3,12,0,4,True
32,64,2024-10-29,0.060559796437659,9,2024-10-29 04:00:00-03:00,2024-10-29 05:50:00-03:00,2,2,2,3,9,0,4,True
32,64,2024-10-30,0.060559796437659,12,2024-10-30 04:00:00-03:00,2024-10-30 05:50:00-03:00,3,3,3,3,12,0,4,True
32,64,2024-10-31,0.060559796437659,8,2024-10-31 04:00:00-03:00,2024-10-31 05:50:00-03:00,2,3,1,2,8,0,4,True
32,64,2024-11-01,0.060559796437659,12,2024-11-01 04:00:00-03:00,2024-11-01 05:50:00-03:00,3,3,3,3,12,0,4,True
32,64,2024-11-02,0.060559796437659,11,2024-11-02 04:00:00-03:00,2024-11-02 05:50:00-03:00,2,3,3,3,11,0,4,True
32,64,2024-11-03,0.060559796437659,12,2024-11-03 04:00:00-03:00,2024-11-03 05:50:00-03:00,3,3,3,3,12,0,4,True
32,64,2024-11-04,0.060559796437659,12,2024-11-04 04:00:00-03:00,2024-11-04 05:50:00-03:00,3,3,3,3,12,0,4,True
32,93,2025-03-18,0.0601769911504425,12,2025-03-18 04:00:00-03:00,2025-03-18 05:50:00-03:00,3,3,3,3,12,0,4,True
32,93,2025-03-19,0.0601769911504425,12,2025-03-19 04:00:00-03:00,2025-03-19 05:50:00-03:00,3,3,3,3,12,0,4,True
32,93,2025-03-20,0.0601769911504425,12,2025-03-20 04:00:00-03:00,2025-03-20 05:50:00-03:00,3,3,3,3,12,0,4,True
32,93,2025-03-21,0.0601769911504425,12,2025-03-21 04:00:00-03:00,2025-03-21 05:50:00-03:00,3,3,3,3,12,0,4,True
32,93,2025-03-22,0.0601769911504425,11,2025-03-22 04:00:00-03:00,2025-03-22 05:40:00-03:00,3,3,3,2,11,0,4,True
32,93,2025-03-23,0.0601769911504425,12,2025-03-23 04:00:00-03:00,2025-03-23 05:50:00-03:00,3,3,3,3,12,0,4,True
32,93,2025-03-24,0.0601769911504425,12,2025-03-24 04:00:00-03:00,2025-03-24 05:50:00-03:00,3,3,3,3,12,0,4,True
32,93,2025-03-25,0.0601769911504425,12,2025-03-25 04:00:00-03:00,2025-03-25 05:50:00-03:00,3,3,3,3,12,0,4,True
32,93,2025-03-26,0.0601769911504425,12,2025-03-26 04:00:00-03:00,2025-03-26 05:50:00-03:00,3,3,3,3,12,0,4,True
32,93,2025-03-27,0.0601769911504425,12,2025-03-27 04:00:00-03:00,2025-03-27 05:50:00-03:00,3,3,3,3,12,0,4,True
32,93,2025-03-28,0.0601769911504425,12,2025-03-28 04:00:00-03:00,2025-03-28 05:50:00-03:00,3,3,3,3,12,0,4,True
32,93,2025-03-29,0.0601769911504425,12,2025-03-29 04:00:00-03:00,2025-03-29 05:50:00-03:00,3,3,3,3,12,0,4,True
32,93,2025-03-30,0.0601769911504425,12,2025-03-30 04:00:00-03:00,2025-03-30 05:50:00-03:00,3,3,3,3,12,0,4,True
32,93,2025-03-31,0.0601769911504425,12,2025-03-31 04:00:00-03:00,2025-03-31 05:50:00-03:00,3,3,3,3,12,0,4,True
32,93,2025-04-01,0.0601769911504425,9,2025-04-01 04:00:00-03:00,2025-04-01 05:50:00-03:00,3,2,2,2,9,0,4,True
32,93,2025-04-02,0.0601769911504425,12,2025-04-02 04:00:00-03:00,2025-04-02 05:50:00-03:00,3,3,3,3,12,0,4,True
32,93,2025-04-03,0.0601769911504425,12,2025-04-03 04:00:00-03:00,2025-04-03 05:50:00-03:00,3,3,3,3,12,0,4,True
32,93,2025-04-04,0.0601769911504425,11,2025-04-04 04:10:00-03:00,2025-04-04 05:50:00-03:00,2,3,3,3,11,0,4,True
32,93,2025-04-05,0.0601769911504425,12,2025-04-05 04:00:00-03:00,2025-04-05 05:50:00-03:00,3,3,3,3,12,0,4,True
32,93,2025-04-06,0.0601769911504425,11,2025-04-06 04:00:00-03:00,2025-04-06 05:50:00-03:00,3,2,3,3,11,0,4,True
32,93,2025-04-07,0.0601769911504425,12,2025-04-07 04:00:00-03:00,2025-04-07 05:50:00-03:00,3,3,3,3,12,0,4,True
33,60,2024-10-21,0.0,12,2024-10-21 04:00:00-03:00,2024-10-21 05:50:00-03:00,3,3,3,3,12,0,4,True
33,60,2024-10-22,0.0,12,2024-10-22 04:00:00-03:00,2024-10-22 05:50:00-03:00,3,3,3,3,12,0,4,True
33,60,2024-10-23,0.0,12,2024-10-23 04:00:00-03:00,2024-10-23 05:50:00-03:00,3,3,3,3,12,0,4,True
33,60,2024-10-24,0.0,10,2024-10-24 04:00:00-03:00,2024-10-24 05:50:00-03:00,2,3,2,3,10,0,4,True
33,60,2024-10-25,0.0,7,2024-10-25 04:00:00-03:00,2024-10-25 05:50:00-03:00,3,2,0,2,7,0,3,False
33,60,2024-10-26,0.0,9,2024-10-26 04:10:00-03:00,2024-10-26 05:50:00-03:00,1,2,3,3,9,0,4,True
33,60,2024-10-27,0.0,12,2024-10-27 04:00:00-03:00,2024-10-27 05:50:00-03:00,3,3,3,3,12,0,4,True
33,60,2024-10-28,0.0,12,2024-10-28 04:00:00-03:00,2024-10-28 05:50:00-03:00,3,3,3,3,12,0,4,True
33,60,2024-10-29,0.0,10,2024-10-29 04:00:00-03:00,2024-10-29 05:50:00-03:00,2,2,3,3,10,0,4,True
33,60,2024-10-30,0.0,11,2024-10-30 04:00:00-03:00,2024-10-30 05:50:00-03:00,3,2,3,3,11,0,4,True
33,60,2024-10-31,0.0,4,2024-10-31 04:50:00-03:00,2024-10-31 05:50:00-03:00,0,1,2,1,4,0,3,False
33,60,2024-11-01,0.0,12,2024-11-01 04:00:00-03:00,2024-11-01 05:50:00-03:00,3,3,3,3,12,0,4,True
33,60,2024-11-02,0.0,10,2024-11-02 04:00:00-03:00,2024-11-02 05:40:00-03:00,3,2,3,2,10,0,4,True
33,60,2024-11-03,0.0,12,2024-11-03 04:00:00-03:00,2024-11-03 05:50:00-03:00,3,3,3,3,12,0,4,True
33,60,2024-11-04,0.0,12,2024-11-04 04:00:00-03:00,2024-11-04 05:50:00-03:00,3,3,3,3,12,0,4,True
33,60,2024-11-05,0.0,12,2024-11-05 04:00:00-03:00,2024-11-05 05:50:00-03:00,3,3,3,3,12,0,4,True
33,60,2024-11-06,0.0,11,2024-11-06 04:00:00-03:00,2024-11-06 05:50:00-03:00,3,2,3,3,11,0,4,True
33,60,2024-11-07,0.0,12,2024-11-07 04:00:00-03:00,2024-11-07 05:50:00-03:00,3,3,3,3,12,0,4,True
33,60,2024-11-08,0.0,12,2024-11-08 04:00:00-03:00,2024-11-08 05:50:00-03:00,3,3,3,3,12,0,4,True
33,60,2024-11-09,0.0,11,2024-11-09 04:00:00-03:00,2024-11-09 05:50:00-03:00,3,3,2,3,11,0,4,True
33,60,2024-11-10,0.0,12,2024-11-10 04:00:00-03:00,2024-11-10 05:50:00-03:00,3,3,3,3,12,0,4,True
33,95,2025-03-18,0.0,12,2025-03-18 04:00:00-03:00,2025-03-18 05:50:00-03:00,3,3,3,3,12,0,4,True
33,95,2025-03-19,0.0,12,2025-03-19 04:00:00-03:00,2025-03-19 05:50:00-03:00,3,3,3,3,12,0,4,True
33,95,2025-03-20,0.0,12,2025-03-20 04:00:00-03:00,2025-03-20 05:50:00-03:00,3,3,3,3,12,0,4,True
33,95,2025-03-21,0.0,12,2025-03-21 04:00:00-03:00,2025-03-21 05:50:00-03:00,3,3,3,3,12,0,4,True
33,95,2025-03-22,0.0,10,2025-03-22 04:10:00-03:00,2025-03-22 05:50:00-03:00,2,2,3,3,10,0,4,True
33,95,2025-03-23,0.0,12,2025-03-23 04:00:00-03:00,2025-03-23 05:50:00-03:00,3,3,3,3,12,0,4,True
33,95,2025-03-24,0.0,9,2025-03-24 04:00:00-03:00,2025-03-24 05:50:00-03:00,3,2,2,2,9,0,4,True
33,95,2025-03-25,0.0,12,2025-03-25 04:00:00-03:00,2025-03-25 05:50:00-03:00,3,3,3,3,12,0,4,True
33,95,2025-03-26,0.0,12,2025-03-26 04:00:00-03:00,2025-03-26 05:50:00-03:00,3,3,3,3,12,0,4,True
33,95,2025-03-27,0.0,12,2025-03-27 04:00:00-03:00,2025-03-27 05:50:00-03:00,3,3,3,3,12,0,4,True
33,95,2025-03-28,0.0,12,2025-03-28 04:00:00-03:00,2025-03-28 05:50:00-03:00,3,3,3,3,12,0,4,True
33,95,2025-03-29,0.0,12,2025-03-29 04:00:00-03:00,2025-03-29 05:50:00-03:00,3,3,3,3,12,0,4,True
33,95,2025-03-30,0.0,12,2025-03-30 04:00:00-03:00,2025-03-30 05:50:00-03:00,3,3,3,3,12,0,4,True
33,95,2025-03-31,0.0,12,2025-03-31 04:00:00-03:00,2025-03-31 05:50:00-03:00,3,3,3,3,12,0,4,True
33,95,2025-04-01,0.0,12,2025-04-01 04:00:00-03:00,2025-04-01 05:50:00-03:00,3,3,3,3,12,0,4,True
33,95,2025-04-02,0.0,12,2025-04-02 04:00:00-03:00,2025-04-02 05:50:00-03:00,3,3,3,3,12,0,4,True
33,95,2025-04-03,0.0,12,2025-04-03 04:00:00-03:00,2025-04-03 05:50:00-03:00,3,3,3,3,12,0,4,True
33,95,2025-04-04,0.0,12,2025-04-04 04:00:00-03:00,2025-04-04 05:50:00-03:00,3,3,3,3,12,0,4,True
33,95,2025-04-05,0.0,12,2025-04-05 04:00:00-03:00,2025-04-05 05:50:00-03:00,3,3,3,3,12,0,4,True
33,95,2025-04-06,0.0,12,2025-04-06 04:00:00-03:00,2025-04-06 05:50:00-03:00,3,3,3,3,12,0,4,True
33,95,2025-04-07,0.0,12,2025-04-07 04:00:00-03:00,2025-04-07 05:50:00-03:00,3,3,3,3,12,0,4,True
34,68,2024-10-21,4.64371859296482,12,2024-10-21 04:00:00-03:00,2024-10-21 05:50:00-03:00,3,3,3,3,12,0,4,True
34,68,2024-10-22,4.64371859296482,12,2024-10-22 04:00:00-03:00,2024-10-22 05:50:00-03:00,3,3,3,3,12,0,4,True
34,68,2024-10-23,4.64371859296482,12,2024-10-23 04:00:00-03:00,2024-10-23 05:50:00-03:00,3,3,3,3,12,0,4,True
34,68,2024-10-24,4.64371859296482,12,2024-10-24 04:00:00-03:00,2024-10-24 05:50:00-03:00,3,3,3,3,12,0,4,True
34,68,2024-10-25,4.64371859296482,12,2024-10-25 04:00:00-03:00,2024-10-25 05:50:00-03:00,3,3,3,3,12,0,4,True
34,68,2024-10-26,4.64371859296482,12,2024-10-26 04:00:00-03:00,2024-10-26 05:50:00-03:00,3,3,3,3,12,0,4,True
34,68,2024-10-27,4.64371859296482,12,2024-10-27 04:00:00-03:00,2024-10-27 05:50:00-03:00,3,3,3,3,12,0,4,True
34,68,2024-10-28,4.64371859296482,11,2024-10-28 04:00:00-03:00,2024-10-28 05:40:00-03:00,3,3,3,2,11,0,4,True
34,68,2024-10-29,4.64371859296482,12,2024-10-29 04:00:00-03:00,2024-10-29 05:50:00-03:00,3,3,3,3,12,0,4,True
34,68,2024-10-30,4.64371859296482,12,2024-10-30 04:00:00-03:00,2024-10-30 05:50:00-03:00,3,3,3,3,12,0,4,True
34,68,2024-10-31,4.64371859296482,11,2024-10-31 04:00:00-03:00,2024-10-31 05:40:00-03:00,3,3,3,2,11,0,4,True
34,68,2024-11-01,4.64371859296482,12,2024-11-01 04:00:00-03:00,2024-11-01 05:50:00-03:00,3,3,3,3,12,0,4,True
34,68,2024-11-02,4.64371859296482,12,2024-11-02 04:00:00-03:00,2024-11-02 05:50:00-03:00,3,3,3,3,12,0,4,True
34,68,2024-11-03,4.64371859296482,12,2024-11-03 04:00:00-03:00,2024-11-03 05:50:00-03:00,3,3,3,3,12,0,4,True
34,68,2024-11-04,4.64371859296482,10,2024-11-04 04:00:00-03:00,2024-11-04 05:40:00-03:00,3,3,2,2,10,0,4,True
34,68,2024-11-05,4.64371859296482,11,2024-11-05 04:00:00-03:00,2024-11-05 05:40:00-03:00,3,3,3,2,11,0,4,True
34,68,2024-11-06,4.64371859296482,10,2024-11-06 04:00:00-03:00,2024-11-06 05:30:00-03:00,3,3,3,1,10,0,4,True
34,68,2024-11-07,4.64371859296482,12,2024-11-07 04:00:00-03:00,2024-11-07 05:50:00-03:00,3,3,3,3,12,0,4,True
34,68,2024-11-08,4.64371859296482,12,2024-11-08 04:00:00-03:00,2024-11-08 05:50:00-03:00,3,3,3,3,12,0,4,True
34,68,2024-11-09,4.64371859296482,12,2024-11-09 04:00:00-03:00,2024-11-09 05:50:00-03:00,3,3,3,3,12,0,4,True
34,68,2024-11-10,4.64371859296482,12,2024-11-10 04:00:00-03:00,2024-11-10 05:50:00-03:00,3,3,3,3,12,0,4,True
34,119,2025-05-05,4.66071428571429,12,2025-05-05 04:00:00-03:00,2025-05-05 05:50:00-03:00,3,3,3,3,12,0,4,True
34,119,2025-05-06,4.66071428571429,12,2025-05-06 04:00:00-03:00,2025-05-06 05:50:00-03:00,3,3,3,3,12,0,4,True
34,119,2025-05-07,4.66071428571429,12,2025-05-07 04:00:00-03:00,2025-05-07 05:50:00-03:00,3,3,3,3,12,0,4,True
34,119,2025-05-08,4.66071428571429,12,2025-05-08 04:00:00-03:00,2025-05-08 05:50:00-03:00,3,3,3,3,12,0,4,True
34,176,2025-06-22,4.66162642947903,12,2025-06-22 04:00:00-03:00,2025-06-22 05:50:00-03:00,3,3,3,3,12,0,4,True
34,176,2025-06-23,4.66162642947903,11,2025-06-23 04:10:00-03:00,2025-06-23 05:50:00-03:00,2,3,3,3,11,0,4,True
34,176,2025-06-24,4.66162642947903,12,2025-06-24 04:00:00-03:00,2025-06-24 05:50:00-03:00,3,3,3,3,12,0,4,True
34,176,2025-06-25,4.66162642947903,12,2025-06-25 04:00:00-03:00,2025-06-25 05:50:00-03:00,3,3,3,3,12,0,4,True
34,176,2025-06-26,4.66162642947903,12,2025-06-26 04:00:00-03:00,2025-06-26 05:50:00-03:00,3,3,3,3,12,0,4,True
34,176,2025-06-27,4.66162642947903,12,2025-06-27 04:00:00-03:00,2025-06-27 05:50:00-03:00,3,3,3,3,12,0,4,True
34,176,2025-06-28,4.66162642947903,12,2025-06-28 04:00:00-03:00,2025-06-28 05:50:00-03:00,3,3,3,3,12,0,4,True
34,176,2025-06-29,4.66162642947903,12,2025-06-29 04:00:00-03:00,2025-06-29 05:50:00-03:00,3,3,3,3,12,0,4,True
34,176,2025-06-30,4.66162642947903,12,2025-06-30 04:00:00-03:00,2025-06-30 05:50:00-03:00,3,3,3,3,12,0,4,True
34,176,2025-07-01,4.66162642947903,12,2025-07-01 04:00:00-03:00,2025-07-01 05:50:00-03:00,3,3,3,3,12,0,4,True
34,176,2025-07-02,4.66162642947903,10,2025-07-02 04:00:00-03:00,2025-07-02 05:50:00-03:00,3,2,2,3,10,0,4,True
34,176,2025-07-03,4.66162642947903,12,2025-07-03 04:00:00-03:00,2025-07-03 05:50:00-03:00,3,3,3,3,12,0,4,True
34,176,2025-07-04,4.66162642947903,9,2025-07-04 04:30:00-03:00,2025-07-04 05:50:00-03:00,0,3,3,3,9,0,3,False
34,176,2025-07-05,4.66162642947903,12,2025-07-05 04:00:00-03:00,2025-07-05 05:50:00-03:00,3,3,3,3,12,0,4,True
34,176,2025-07-06,4.66162642947903,12,2025-07-06 04:00:00-03:00,2025-07-06 05:50:00-03:00,3,3,3,3,12,0,4,True
34,176,2025-07-07,4.66162642947903,12,2025-07-07 04:00:00-03:00,2025-07-07 05:50:00-03:00,3,3,3,3,12,0,4,True
34,176,2025-07-08,4.66162642947903,12,2025-07-08 04:00:00-03:00,2025-07-08 05:50:00-03:00,3,3,3,3,12,0,4,True
34,176,2025-07-09,4.66162642947903,12,2025-07-09 04:00:00-03:00,2025-07-09 05:50:00-03:00,3,3,3,3,12,0,4,True
34,176,2025-07-10,4.66162642947903,12,2025-07-10 04:00:00-03:00,2025-07-10 05:50:00-03:00,3,3,3,3,12,0,4,True
34,176,2025-07-11,4.66162642947903,12,2025-07-11 04:00:00-03:00,2025-07-11 05:50:00-03:00,3,3,3,3,12,0,4,True
34,176,2025-07-12,4.66162642947903,9,2025-07-12 04:00:00-03:00,2025-07-12 05:50:00-03:00,3,3,2,1,9,0,4,True
34,176,2025-07-13,4.66162642947903,12,2025-07-13 04:00:00-03:00,2025-07-13 05:50:00-03:00,3,3,3,3,12,0,4,True
34,176,2025-07-14,4.66162642947903,12,2025-07-14 04:00:00-03:00,2025-07-14 05:50:00-03:00,3,3,3,3,12,0,4,True
34,176,2025-07-15,4.66162642947903,12,2025-07-15 04:00:00-03:00,2025-07-15 05:50:00-03:00,3,3,3,3,12,0,4,True
34,176,2025-07-16,4.66162642947903,12,2025-07-16 04:00:00-03:00,2025-07-16 05:50:00-03:00,3,3,3,3,12,0,4,True
35,54,2024-10-21,2.10432569974555,12,2024-10-21 04:00:00-03:00,2024-10-21 05:50:00-03:00,3,3,3,3,12,0,4,True
35,54,2024-10-22,2.10432569974555,12,2024-10-22 04:00:00-03:00,2024-10-22 05:50:00-03:00,3,3,3,3,12,0,4,True
35,54,2024-10-23,2.10432569974555,12,2024-10-23 04:00:00-03:00,2024-10-23 05:50:00-03:00,3,3,3,3,12,0,4,True
35,54,2024-10-24,2.10432569974555,12,2024-10-24 04:00:00-03:00,2024-10-24 05:50:00-03:00,3,3,3,3,12,0,4,True
35,54,2024-10-25,2.10432569974555,12,2024-10-25 04:00:00-03:00,2024-10-25 05:50:00-03:00,3,3,3,3,12,0,4,True
35,54,2024-10-26,2.10432569974555,12,2024-10-26 04:00:00-03:00,2024-10-26 05:50:00-03:00,3,3,3,3,12,0,4,True
35,54,2024-10-27,2.10432569974555,12,2024-10-27 04:00:00-03:00,2024-10-27 05:50:00-03:00,3,3,3,3,12,0,4,True
35,54,2024-10-28,2.10432569974555,12,2024-10-28 04:00:00-03:00,2024-10-28 05:50:00-03:00,3,3,3,3,12,0,4,True
35,54,2024-10-29,2.10432569974555,12,2024-10-29 04:00:00-03:00,2024-10-29 05:50:00-03:00,3,3,3,3,12,0,4,True
35,54,2024-10-30,2.10432569974555,12,2024-10-30 04:00:00-03:00,2024-10-30 05:50:00-03:00,3,3,3,3,12,0,4,True
35,54,2024-10-31,2.10432569974555,12,2024-10-31 04:00:00-03:00,2024-10-31 05:50:00-03:00,3,3,3,3,12,0,4,True
35,54,2024-11-01,2.10432569974555,12,2024-11-01 04:00:00-03:00,2024-11-01 05:50:00-03:00,3,3,3,3,12,0,4,True
35,54,2024-11-02,2.10432569974555,12,2024-11-02 04:00:00-03:00,2024-11-02 05:50:00-03:00,3,3,3,3,12,0,4,True
35,54,2024-11-03,2.10432569974555,12,2024-11-03 04:00:00-03:00,2024-11-03 05:50:00-03:00,3,3,3,3,12,0,4,True
35,54,2024-11-04,2.10432569974555,12,2024-11-04 04:00:00-03:00,2024-11-04 05:50:00-03:00,3,3,3,3,12,0,4,True
35,54,2024-11-05,2.10432569974555,12,2024-11-05 04:00:00-03:00,2024-11-05 05:50:00-03:00,3,3,3,3,12,0,4,True
35,54,2024-11-06,2.10432569974555,12,2024-11-06 04:00:00-03:00,2024-11-06 05:50:00-03:00,3,3,3,3,12,0,4,True
35,54,2024-11-07,2.10432569974555,12,2024-11-07 04:00:00-03:00,2024-11-07 05:50:00-03:00,3,3,3,3,12,0,4,True
35,54,2024-11-08,2.10432569974555,12,2024-11-08 04:00:00-03:00,2024-11-08 05:50:00-03:00,3,3,3,3,12,0,4,True
35,54,2024-11-09,2.10432569974555,12,2024-11-09 04:00:00-03:00,2024-11-09 05:50:00-03:00,3,3,3,3,12,0,4,True
35,54,2024-11-10,2.10432569974555,12,2024-11-10 04:00:00-03:00,2024-11-10 05:50:00-03:00,3,3,3,3,12,0,4,True
36,29,2024-10-21,1.6211320754717,12,2024-10-21 04:00:00-03:00,2024-10-21 05:50:00-03:00,3,3,3,3,12,0,4,True
36,29,2024-10-22,1.6211320754717,12,2024-10-22 04:00:00-03:00,2024-10-22 05:50:00-03:00,3,3,3,3,12,0,4,True
36,29,2024-10-23,1.6211320754717,12,2024-10-23 04:00:00-03:00,2024-10-23 05:50:00-03:00,3,3,3,3,12,0,4,True
36,29,2024-10-24,1.6211320754717,12,2024-10-24 04:00:00-03:00,2024-10-24 05:50:00-03:00,3,3,3,3,12,0,4,True
36,29,2024-10-25,1.6211320754717,12,2024-10-25 04:00:00-03:00,2024-10-25 05:50:00-03:00,3,3,3,3,12,0,4,True
36,29,2024-10-26,1.6211320754717,12,2024-10-26 04:00:00-03:00,2024-10-26 05:50:00-03:00,3,3,3,3,12,0,4,True
36,29,2024-10-27,1.6211320754717,12,2024-10-27 04:00:00-03:00,2024-10-27 05:50:00-03:00,3,3,3,3,12,0,4,True
36,29,2024-10-28,1.6211320754717,12,2024-10-28 04:00:00-03:00,2024-10-28 05:50:00-03:00,3,3,3,3,12,0,4,True
36,29,2024-10-29,1.6211320754717,12,2024-10-29 04:00:00-03:00,2024-10-29 05:50:00-03:00,3,3,3,3,12,0,4,True
36,29,2024-10-30,1.6211320754717,12,2024-10-30 04:00:00-03:00,2024-10-30 05:50:00-03:00,3,3,3,3,12,0,4,True
36,29,2024-10-31,1.6211320754717,12,2024-10-31 04:00:00-03:00,2024-10-31 05:50:00-03:00,3,3,3,3,12,0,4,True
36,29,2024-11-01,1.6211320754717,12,2024-11-01 04:00:00-03:00,2024-11-01 05:50:00-03:00,3,3,3,3,12,0,4,True
36,29,2024-11-02,1.6211320754717,12,2024-11-02 04:00:00-03:00,2024-11-02 05:50:00-03:00,3,3,3,3,12,0,4,True
36,29,2024-11-03,1.6211320754717,12,2024-11-03 04:00:00-03:00,2024-11-03 05:50:00-03:00,3,3,3,3,12,0,4,True
36,29,2024-11-04,1.6211320754717,12,2024-11-04 04:00:00-03:00,2024-11-04 05:50:00-03:00,3,3,3,3,12,0,4,True
36,29,2024-11-05,1.6211320754717,12,2024-11-05 04:00:00-03:00,2024-11-05 05:50:00-03:00,3,3,3,3,12,0,4,True
36,29,2024-11-06,1.6211320754717,12,2024-11-06 04:00:00-03:00,2024-11-06 05:50:00-03:00,3,3,3,3,12,0,4,True
36,29,2024-11-07,1.6211320754717,12,2024-11-07 04:00:00-03:00,2024-11-07 05:50:00-03:00,3,3,3,3,12,0,4,True
36,29,2024-11-08,1.6211320754717,10,2024-11-08 04:10:00-03:00,2024-11-08 05:50:00-03:00,2,3,2,3,10,0,4,True
36,121,2025-05-05,1.6211320754717,12,2025-05-05 04:00:00-03:00,2025-05-05 05:50:00-03:00,3,3,3,3,12,0,4,True
36,121,2025-05-06,1.6211320754717,12,2025-05-06 04:00:00-03:00,2025-05-06 05:50:00-03:00,3,3,3,3,12,0,4,True
36,121,2025-05-07,1.6211320754717,12,2025-05-07 04:00:00-03:00,2025-05-07 05:50:00-03:00,3,3,3,3,12,0,4,True
36,121,2025-05-08,1.6211320754717,12,2025-05-08 04:00:00-03:00,2025-05-08 05:50:00-03:00,3,3,3,3,12,0,4,True
36,121,2025-05-09,1.6211320754717,12,2025-05-09 04:00:00-03:00,2025-05-09 05:50:00-03:00,3,3,3,3,12,0,4,True
36,121,2025-05-10,1.6211320754717,12,2025-05-10 04:00:00-03:00,2025-05-10 05:50:00-03:00,3,3,3,3,12,0,4,True
36,121,2025-05-11,1.6211320754717,12,2025-05-11 04:00:00-03:00,2025-05-11 05:50:00-03:00,3,3,3,3,12,0,4,True
36,121,2025-05-12,1.6211320754717,12,2025-05-12 04:00:00-03:00,2025-05-12 05:50:00-03:00,3,3,3,3,12,0,4,True
36,121,2025-05-13,1.6211320754717,12,2025-05-13 04:00:00-03:00,2025-05-13 05:50:00-03:00,3,3,3,3,12,0,4,True
36,121,2025-05-14,1.6211320754717,12,2025-05-14 04:00:00-03:00,2025-05-14 05:50:00-03:00,3,3,3,3,12,0,4,True
36,121,2025-05-15,1.6211320754717,12,2025-05-15 04:00:00-03:00,2025-05-15 05:50:00-03:00,3,3,3,3,12,0,4,True
36,121,2025-05-16,1.6211320754717,12,2025-05-16 04:00:00-03:00,2025-05-16 05:50:00-03:00,3,3,3,3,12,0,4,True
36,121,2025-05-17,1.6211320754717,12,2025-05-17 04:00:00-03:00,2025-05-17 05:50:00-03:00,3,3,3,3,12,0,4,True
36,121,2025-05-18,1.6211320754717,12,2025-05-18 04:00:00-03:00,2025-05-18 05:50:00-03:00,3,3,3,3,12,0,4,True
36,121,2025-05-19,1.6211320754717,12,2025-05-19 04:00:00-03:00,2025-05-19 05:50:00-03:00,3,3,3,3,12,0,4,True
36,121,2025-05-20,1.6211320754717,12,2025-05-20 04:00:00-03:00,2025-05-20 05:50:00-03:00,3,3,3,3,12,0,4,True
36,121,2025-05-21,1.6211320754717,12,2025-05-21 04:00:00-03:00,2025-05-21 05:50:00-03:00,3,3,3,3,12,0,4,True
36,121,2025-05-22,1.6211320754717,12,2025-05-22 04:00:00-03:00,2025-05-22 05:50:00-03:00,3,3,3,3,12,0,4,True
36,121,2025-05-23,1.6211320754717,12,2025-05-23 04:00:00-03:00,2025-05-23 05:50:00-03:00,3,3,3,3,12,0,4,True
36,121,2025-05-24,1.6211320754717,12,2025-05-24 04:00:00-03:00,2025-05-24 05:50:00-03:00,3,3,3,3,12,0,4,True
36,179,2025-06-22,1.6212927756654,12,2025-06-22 04:00:00-03:00,2025-06-22 05:50:00-03:00,3,3,3,3,12,0,4,True
36,179,2025-06-23,1.6212927756654,12,2025-06-23 04:00:00-03:00,2025-06-23 05:50:00-03:00,3,3,3,3,12,0,4,True
36,179,2025-06-24,1.6212927756654,12,2025-06-24 04:00:00-03:00,2025-06-24 05:50:00-03:00,3,3,3,3,12,0,4,True
36,179,2025-06-25,1.6212927756654,12,2025-06-25 04:00:00-03:00,2025-06-25 05:50:00-03:00,3,3,3,3,12,0,4,True
36,179,2025-06-26,1.6212927756654,12,2025-06-26 04:00:00-03:00,2025-06-26 05:50:00-03:00,3,3,3,3,12,0,4,True
36,179,2025-06-27,1.6212927756654,12,2025-06-27 04:00:00-03:00,2025-06-27 05:50:00-03:00,3,3,3,3,12,0,4,True
36,179,2025-06-28,1.6212927756654,12,2025-06-28 04:00:00-03:00,2025-06-28 05:50:00-03:00,3,3,3,3,12,0,4,True
36,179,2025-06-29,1.6212927756654,12,2025-06-29 04:00:00-03:00,2025-06-29 05:50:00-03:00,3,3,3,3,12,0,4,True
36,179,2025-06-30,1.6212927756654,12,2025-06-30 04:00:00-03:00,2025-06-30 05:50:00-03:00,3,3,3,3,12,0,4,True
36,179,2025-07-01,1.6212927756654,12,2025-07-01 04:00:00-03:00,2025-07-01 05:50:00-03:00,3,3,3,3,12,0,4,True
36,179,2025-07-02,1.6212927756654,12,2025-07-02 04:00:00-03:00,2025-07-02 05:50:00-03:00,3,3,3,3,12,0,4,True
36,179,2025-07-03,1.6212927756654,12,2025-07-03 04:00:00-03:00,2025-07-03 05:50:00-03:00,3,3,3,3,12,0,4,True
36,179,2025-07-04,1.6212927756654,12,2025-07-04 04:00:00-03:00,2025-07-04 05:50:00-03:00,3,3,3,3,12,0,4,True
36,179,2025-07-05,1.6212927756654,12,2025-07-05 04:00:00-03:00,2025-07-05 05:50:00-03:00,3,3,3,3,12,0,4,True
36,179,2025-07-06,1.6212927756654,12,2025-07-06 04:00:00-03:00,2025-07-06 05:50:00-03:00,3,3,3,3,12,0,4,True
36,179,2025-07-07,1.6212927756654,12,2025-07-07 04:00:00-03:00,2025-07-07 05:50:00-03:00,3,3,3,3,12,0,4,True
36,179,2025-07-08,1.6212927756654,12,2025-07-08 04:00:00-03:00,2025-07-08 05:50:00-03:00,3,3,3,3,12,0,4,True
36,179,2025-07-09,1.6212927756654,12,2025-07-09 04:00:00-03:00,2025-07-09 05:50:00-03:00,3,3,3,3,12,0,4,True
36,179,2025-07-10,1.6212927756654,12,2025-07-10 04:00:00-03:00,2025-07-10 05:50:00-03:00,3,3,3,3,12,0,4,True
36,179,2025-07-11,1.6212927756654,12,2025-07-11 04:00:00-03:00,2025-07-11 05:50:00-03:00,3,3,3,3,12,0,4,True
36,179,2025-07-12,1.6212927756654,12,2025-07-12 04:00:00-03:00,2025-07-12 05:50:00-03:00,3,3,3,3,12,0,4,True
36,179,2025-07-13,1.6212927756654,7,2025-07-13 04:00:00-03:00,2025-07-13 05:50:00-03:00,3,1,1,2,7,0,4,True
37,57,2024-10-21,1.99542566709022,12,2024-10-21 04:00:00-03:00,2024-10-21 05:50:00-03:00,3,3,3,3,12,0,4,True
37,57,2024-10-22,1.99542566709022,12,2024-10-22 04:00:00-03:00,2024-10-22 05:50:00-03:00,3,3,3,3,12,0,4,True
37,57,2024-10-23,1.99542566709022,12,2024-10-23 04:00:00-03:00,2024-10-23 05:50:00-03:00,3,3,3,3,12,0,4,True
37,57,2024-10-24,1.99542566709022,12,2024-10-24 04:00:00-03:00,2024-10-24 05:50:00-03:00,3,3,3,3,12,0,4,True
37,57,2024-10-25,1.99542566709022,12,2024-10-25 04:00:00-03:00,2024-10-25 05:50:00-03:00,3,3,3,3,12,0,4,True
37,57,2024-10-26,1.99542566709022,12,2024-10-26 04:00:00-03:00,2024-10-26 05:50:00-03:00,3,3,3,3,12,0,4,True
37,57,2024-10-27,1.99542566709022,12,2024-10-27 04:00:00-03:00,2024-10-27 05:50:00-03:00,3,3,3,3,12,0,4,True
37,57,2024-10-28,1.99542566709022,12,2024-10-28 04:00:00-03:00,2024-10-28 05:50:00-03:00,3,3,3,3,12,0,4,True
37,57,2024-10-29,1.99542566709022,12,2024-10-29 04:00:00-03:00,2024-10-29 05:50:00-03:00,3,3,3,3,12,0,4,True
37,57,2024-10-30,1.99542566709022,12,2024-10-30 04:00:00-03:00,2024-10-30 05:50:00-03:00,3,3,3,3,12,0,4,True
37,57,2024-10-31,1.99542566709022,12,2024-10-31 04:00:00-03:00,2024-10-31 05:50:00-03:00,3,3,3,3,12,0,4,True
37,57,2024-11-01,1.99542566709022,12,2024-11-01 04:00:00-03:00,2024-11-01 05:50:00-03:00,3,3,3,3,12,0,4,True
37,57,2024-11-02,1.99542566709022,12,2024-11-02 04:00:00-03:00,2024-11-02 05:50:00-03:00,3,3,3,3,12,0,4,True
37,57,2024-11-03,1.99542566709022,12,2024-11-03 04:00:00-03:00,2024-11-03 05:50:00-03:00,3,3,3,3,12,0,4,True
37,57,2024-11-04,1.99542566709022,12,2024-11-04 04:00:00-03:00,2024-11-04 05:50:00-03:00,3,3,3,3,12,0,4,True
37,57,2024-11-05,1.99542566709022,12,2024-11-05 04:00:00-03:00,2024-11-05 05:50:00-03:00,3,3,3,3,12,0,4,True
37,57,2024-11-06,1.99542566709022,12,2024-11-06 04:00:00-03:00,2024-11-06 05:50:00-03:00,3,3,3,3,12,0,4,True
37,57,2024-11-07,1.99542566709022,12,2024-11-07 04:00:00-03:00,2024-11-07 05:50:00-03:00,3,3,3,3,12,0,4,True
37,57,2024-11-08,1.99542566709022,12,2024-11-08 04:00:00-03:00,2024-11-08 05:50:00-03:00,3,3,3,3,12,0,4,True
37,57,2024-11-09,1.99542566709022,12,2024-11-09 04:00:00-03:00,2024-11-09 05:50:00-03:00,3,3,3,3,12,0,4,True
37,57,2024-11-10,1.99542566709022,12,2024-11-10 04:00:00-03:00,2024-11-10 05:50:00-03:00,3,3,3,3,12,0,4,True
37,122,2025-05-05,2.16121673003802,12,2025-05-05 04:00:00-03:00,2025-05-05 05:50:00-03:00,3,3,3,3,12,0,4,True
37,122,2025-05-06,2.16121673003802,12,2025-05-06 04:00:00-03:00,2025-05-06 05:50:00-03:00,3,3,3,3,12,0,4,True
37,122,2025-05-07,2.16121673003802,12,2025-05-07 04:00:00-03:00,2025-05-07 05:50:00-03:00,3,3,3,3,12,0,4,True
37,122,2025-05-08,2.16121673003802,12,2025-05-08 04:00:00-03:00,2025-05-08 05:50:00-03:00,3,3,3,3,12,0,4,True
37,122,2025-05-09,2.16121673003802,12,2025-05-09 04:00:00-03:00,2025-05-09 05:50:00-03:00,3,3,3,3,12,0,4,True
37,122,2025-05-10,2.16121673003802,12,2025-05-10 04:00:00-03:00,2025-05-10 05:50:00-03:00,3,3,3,3,12,0,4,True
37,177,2025-06-22,2.03572327044025,12,2025-06-22 04:00:00-03:00,2025-06-22 05:50:00-03:00,3,3,3,3,12,0,4,True
37,177,2025-06-23,2.03572327044025,12,2025-06-23 04:00:00-03:00,2025-06-23 05:50:00-03:00,3,3,3,3,12,0,4,True
37,177,2025-06-24,2.03572327044025,12,2025-06-24 04:00:00-03:00,2025-06-24 05:50:00-03:00,3,3,3,3,12,0,4,True
37,177,2025-06-25,2.03572327044025,12,2025-06-25 04:00:00-03:00,2025-06-25 05:50:00-03:00,3,3,3,3,12,0,4,True
37,177,2025-06-26,2.03572327044025,12,2025-06-26 04:00:00-03:00,2025-06-26 05:50:00-03:00,3,3,3,3,12,0,4,True
37,177,2025-06-27,2.03572327044025,12,2025-06-27 04:00:00-03:00,2025-06-27 05:50:00-03:00,3,3,3,3,12,0,4,True
37,177,2025-06-28,2.03572327044025,12,2025-06-28 04:00:00-03:00,2025-06-28 05:50:00-03:00,3,3,3,3,12,0,4,True
37,177,2025-06-29,2.03572327044025,12,2025-06-29 04:00:00-03:00,2025-06-29 05:50:00-03:00,3,3,3,3,12,0,4,True
37,177,2025-06-30,2.03572327044025,12,2025-06-30 04:00:00-03:00,2025-06-30 05:50:00-03:00,3,3,3,3,12,0,4,True
37,177,2025-07-01,2.03572327044025,12,2025-07-01 04:00:00-03:00,2025-07-01 05:50:00-03:00,3,3,3,3,12,0,4,True
37,177,2025-07-02,2.03572327044025,12,2025-07-02 04:00:00-03:00,2025-07-02 05:50:00-03:00,3,3,3,3,12,0,4,True
37,177,2025-07-03,2.03572327044025,12,2025-07-03 04:00:00-03:00,2025-07-03 05:50:00-03:00,3,3,3,3,12,0,4,True
37,177,2025-07-04,2.03572327044025,12,2025-07-04 04:00:00-03:00,2025-07-04 05:50:00-03:00,3,3,3,3,12,0,4,True
37,177,2025-07-05,2.03572327044025,12,2025-07-05 04:00:00-03:00,2025-07-05 05:50:00-03:00,3,3,3,3,12,0,4,True
37,177,2025-07-06,2.03572327044025,12,2025-07-06 04:00:00-03:00,2025-07-06 05:50:00-03:00,3,3,3,3,12,0,4,True
37,177,2025-07-07,2.03572327044025,12,2025-07-07 04:00:00-03:00,2025-07-07 05:50:00-03:00,3,3,3,3,12,0,4,True
37,177,2025-07-08,2.03572327044025,12,2025-07-08 04:00:00-03:00,2025-07-08 05:50:00-03:00,3,3,3,3,12,0,4,True
37,177,2025-07-09,2.03572327044025,12,2025-07-09 04:00:00-03:00,2025-07-09 05:50:00-03:00,3,3,3,3,12,0,4,True
37,177,2025-07-10,2.03572327044025,12,2025-07-10 04:00:00-03:00,2025-07-10 05:50:00-03:00,3,3,3,3,12,0,4,True
37,177,2025-07-11,2.03572327044025,12,2025-07-11 04:00:00-03:00,2025-07-11 05:50:00-03:00,3,3,3,3,12,0,4,True
37,177,2025-07-12,2.03572327044025,12,2025-07-12 04:00:00-03:00,2025-07-12 05:50:00-03:00,3,3,3,3,12,0,4,True
37,177,2025-07-13,2.03572327044025,12,2025-07-13 04:00:00-03:00,2025-07-13 05:50:00-03:00,3,3,3,3,12,0,4,True
37,177,2025-07-14,2.03572327044025,12,2025-07-14 04:00:00-03:00,2025-07-14 05:50:00-03:00,3,3,3,3,12,0,4,True
37,177,2025-07-15,2.03572327044025,12,2025-07-15 04:00:00-03:00,2025-07-15 05:50:00-03:00,3,3,3,3,12,0,4,True
37,177,2025-07-16,2.03572327044025,4,2025-07-16 04:00:00-03:00,2025-07-16 05:30:00-03:00,1,1,1,1,4,0,4,True
38,27,2024-10-21,1.64025157232704,12,2024-10-21 04:00:00-03:00,2024-10-21 05:50:00-03:00,3,3,3,3,12,0,4,True
38,27,2024-10-22,1.64025157232704,1,2024-10-22 04:40:00-03:00,2024-10-22 04:40:00-03:00,0,1,0,0,1,0,1,False
38,27,2024-10-23,1.64025157232704,1,2024-10-23 04:40:00-03:00,2024-10-23 04:40:00-03:00,0,1,0,0,1,0,1,False
38,27,2024-10-24,1.64025157232704,9,2024-10-24 04:00:00-03:00,2024-10-24 05:40:00-03:00,3,3,2,1,9,0,4,True
38,27,2024-10-25,1.64025157232704,1,2024-10-25 04:20:00-03:00,2024-10-25 04:20:00-03:00,1,0,0,0,1,0,1,False
38,27,2024-10-26,1.64025157232704,6,2024-10-26 04:00:00-03:00,2024-10-26 05:30:00-03:00,2,1,2,1,6,0,4,True
38,27,2024-10-27,1.64025157232704,12,2024-10-27 04:00:00-03:00,2024-10-27 05:50:00-03:00,3,3,3,3,12,0,4,True
38,27,2024-10-28,1.64025157232704,6,2024-10-28 04:00:00-03:00,2024-10-28 05:50:00-03:00,3,1,1,1,6,0,4,True
38,27,2024-10-29,1.64025157232704,11,2024-10-29 04:00:00-03:00,2024-10-29 05:50:00-03:00,3,3,3,2,11,0,4,True
38,27,2024-10-30,1.64025157232704,9,2024-10-30 04:00:00-03:00,2024-10-30 05:50:00-03:00,3,1,3,2,9,0,4,True
38,27,2024-10-31,1.64025157232704,5,2024-10-31 04:10:00-03:00,2024-10-31 05:30:00-03:00,2,1,1,1,5,0,4,True
38,27,2024-11-01,1.64025157232704,7,2024-11-01 04:00:00-03:00,2024-11-01 05:30:00-03:00,3,0,3,1,7,0,3,False
38,27,2024-11-03,1.64025157232704,12,2024-11-03 04:00:00-03:00,2024-11-03 05:50:00-03:00,3,3,3,3,12,0,4,True
38,27,2024-11-04,1.64025157232704,10,2024-11-04 04:00:00-03:00,2024-11-04 05:30:00-03:00,3,3,3,1,10,0,4,True
38,27,2024-11-06,1.64025157232704,2,2024-11-06 05:20:00-03:00,2024-11-06 05:30:00-03:00,0,0,1,1,2,0,2,False
38,27,2024-11-07,1.64025157232704,3,2024-11-07 04:20:00-03:00,2024-11-07 05:50:00-03:00,1,0,1,1,3,0,3,False
38,27,2024-11-08,1.64025157232704,2,2024-11-08 05:40:00-03:00,2024-11-08 05:50:00-03:00,0,0,0,2,2,0,1,False
38,27,2024-11-09,1.64025157232704,7,2024-11-09 04:10:00-03:00,2024-11-09 05:30:00-03:00,2,3,1,1,7,0,4,True
38,27,2024-11-10,1.64025157232704,2,2024-11-10 05:10:00-03:00,2024-11-10 05:30:00-03:00,0,0,1,1,2,0,2,False
38,123,2025-05-05,1.36294416243655,11,2025-05-05 04:00:00-03:00,2025-05-05 05:50:00-03:00,3,3,3,2,11,0,4,True
38,123,2025-05-06,1.36294416243655,12,2025-05-06 04:00:00-03:00,2025-05-06 05:50:00-03:00,3,3,3,3,12,0,4,True
38,123,2025-05-07,1.36294416243655,12,2025-05-07 04:00:00-03:00,2025-05-07 05:50:00-03:00,3,3,3,3,12,0,4,True
38,123,2025-05-08,1.36294416243655,9,2025-05-08 04:30:00-03:00,2025-05-08 05:50:00-03:00,0,3,3,3,9,0,3,False
38,123,2025-05-09,1.36294416243655,12,2025-05-09 04:00:00-03:00,2025-05-09 05:50:00-03:00,3,3,3,3,12,0,4,True
38,123,2025-05-10,1.36294416243655,2,2025-05-10 05:20:00-03:00,2025-05-10 05:40:00-03:00,0,0,1,1,2,0,2,False
38,123,2025-05-11,1.36294416243655,10,2025-05-11 04:00:00-03:00,2025-05-11 05:50:00-03:00,3,3,2,2,10,0,4,True
38,123,2025-05-12,1.36294416243655,12,2025-05-12 04:00:00-03:00,2025-05-12 05:50:00-03:00,3,3,3,3,12,0,4,True
38,123,2025-05-13,1.36294416243655,7,2025-05-13 04:00:00-03:00,2025-05-13 05:40:00-03:00,2,2,1,2,7,0,4,True
38,123,2025-05-14,1.36294416243655,11,2025-05-14 04:00:00-03:00,2025-05-14 05:50:00-03:00,3,3,3,2,11,0,4,True
38,123,2025-05-15,1.36294416243655,6,2025-05-15 04:40:00-03:00,2025-05-15 05:30:00-03:00,0,2,3,1,6,0,3,False
38,123,2025-05-16,1.36294416243655,12,2025-05-16 04:00:00-03:00,2025-05-16 05:50:00-03:00,3,3,3,3,12,0,4,True
38,123,2025-05-17,1.36294416243655,12,2025-05-17 04:00:00-03:00,2025-05-17 05:50:00-03:00,3,3,3,3,12,0,4,True
38,123,2025-05-18,1.36294416243655,7,2025-05-18 04:00:00-03:00,2025-05-18 05:50:00-03:00,3,1,1,2,7,0,4,True
38,123,2025-05-19,1.36294416243655,12,2025-05-19 04:00:00-03:00,2025-05-19 05:50:00-03:00,3,3,3,3,12,0,4,True
38,123,2025-05-20,1.36294416243655,12,2025-05-20 04:00:00-03:00,2025-05-20 05:50:00-03:00,3,3,3,3,12,0,4,True
38,123,2025-05-21,1.36294416243655,12,2025-05-21 04:00:00-03:00,2025-05-21 05:50:00-03:00,3,3,3,3,12,0,4,True
39,38,2024-10-21,1.83168567807351,12,2024-10-21 04:00:00-03:00,2024-10-21 05:50:00-03:00,3,3,3,3,12,0,4,True
39,38,2024-10-22,1.83168567807351,4,2024-10-22 04:30:00-03:00,2024-10-22 05:20:00-03:00,0,2,2,0,4,0,2,False
39,38,2024-10-23,1.83168567807351,9,2024-10-23 04:00:00-03:00,2024-10-23 05:30:00-03:00,3,3,2,1,9,0,4,True
39,38,2024-10-24,1.83168567807351,12,2024-10-24 04:00:00-03:00,2024-10-24 05:50:00-03:00,3,3,3,3,12,0,4,True
39,38,2024-10-25,1.83168567807351,7,2024-10-25 04:10:00-03:00,2024-10-25 05:40:00-03:00,2,1,3,1,7,0,4,True
39,38,2024-10-26,1.83168567807351,11,2024-10-26 04:00:00-03:00,2024-10-26 05:40:00-03:00,3,3,3,2,11,0,4,True
39,38,2024-10-27,1.83168567807351,12,2024-10-27 04:00:00-03:00,2024-10-27 05:50:00-03:00,3,3,3,3,12,0,4,True
39,38,2024-10-28,1.83168567807351,12,2024-10-28 04:00:00-03:00,2024-10-28 05:50:00-03:00,3,3,3,3,12,0,4,True
39,38,2024-10-29,1.83168567807351,12,2024-10-29 04:00:00-03:00,2024-10-29 05:50:00-03:00,3,3,3,3,12,0,4,True
39,38,2024-10-30,1.83168567807351,12,2024-10-30 04:00:00-03:00,2024-10-30 05:50:00-03:00,3,3,3,3,12,0,4,True
39,38,2024-10-31,1.83168567807351,11,2024-10-31 04:00:00-03:00,2024-10-31 05:40:00-03:00,3,3,3,2,11,0,4,True
39,38,2024-11-01,1.83168567807351,11,2024-11-01 04:00:00-03:00,2024-11-01 05:50:00-03:00,3,2,3,3,11,0,4,True
39,38,2024-11-03,1.83168567807351,12,2024-11-03 04:00:00-03:00,2024-11-03 05:50:00-03:00,3,3,3,3,12,0,4,True
39,38,2024-11-04,1.83168567807351,12,2024-11-04 04:00:00-03:00,2024-11-04 05:50:00-03:00,3,3,3,3,12,0,4,True
39,38,2024-11-05,1.83168567807351,4,2024-11-05 04:30:00-03:00,2024-11-05 05:20:00-03:00,0,2,2,0,4,0,2,False
39,38,2024-11-06,1.83168567807351,5,2024-11-06 05:00:00-03:00,2024-11-06 05:40:00-03:00,0,0,3,2,5,0,2,False
39,38,2024-11-07,1.83168567807351,10,2024-11-07 04:00:00-03:00,2024-11-07 05:40:00-03:00,3,3,2,2,10,0,4,True
39,38,2024-11-08,1.83168567807351,11,2024-11-08 04:00:00-03:00,2024-11-08 05:50:00-03:00,2,3,3,3,11,0,4,True
39,38,2024-11-09,1.83168567807351,10,2024-11-09 04:00:00-03:00,2024-11-09 05:30:00-03:00,3,3,3,1,10,0,4,True
39,38,2024-11-10,1.83168567807351,7,2024-11-10 04:10:00-03:00,2024-11-10 05:50:00-03:00,1,1,2,3,7,0,4,True
40,28,2024-11-12,3.84234693877551,12,2024-11-12 04:00:00-03:00,2024-11-12 05:50:00-03:00,3,3,3,3,12,0,4,True
40,28,2024-11-13,3.84234693877551,12,2024-11-13 04:00:00-03:00,2024-11-13 05:50:00-03:00,3,3,3,3,12,0,4,True
40,28,2024-11-14,3.84234693877551,12,2024-11-14 04:00:00-03:00,2024-11-14 05:50:00-03:00,3,3,3,3,12,0,4,True
40,28,2024-11-15,3.84234693877551,12,2024-11-15 04:00:00-03:00,2024-11-15 05:50:00-03:00,3,3,3,3,12,0,4,True
40,28,2024-11-16,3.84234693877551,12,2024-11-16 04:00:00-03:00,2024-11-16 05:50:00-03:00,3,3,3,3,12,0,4,True
40,28,2024-11-17,3.84234693877551,12,2024-11-17 04:00:00-03:00,2024-11-17 05:50:00-03:00,3,3,3,3,12,0,4,True
40,28,2024-11-18,3.84234693877551,12,2024-11-18 04:00:00-03:00,2024-11-18 05:50:00-03:00,3,3,3,3,12,0,4,True
40,28,2024-11-19,3.84234693877551,12,2024-11-19 04:00:00-03:00,2024-11-19 05:50:00-03:00,3,3,3,3,12,0,4,True
40,28,2024-11-20,3.84234693877551,12,2024-11-20 04:00:00-03:00,2024-11-20 05:50:00-03:00,3,3,3,3,12,0,4,True
40,28,2024-11-21,3.84234693877551,12,2024-11-21 04:00:00-03:00,2024-11-21 05:50:00-03:00,3,3,3,3,12,0,4,True
40,28,2024-11-22,3.84234693877551,12,2024-11-22 04:00:00-03:00,2024-11-22 05:50:00-03:00,3,3,3,3,12,0,4,True
40,28,2024-11-23,3.84234693877551,12,2024-11-23 04:00:00-03:00,2024-11-23 05:50:00-03:00,3,3,3,3,12,0,4,True
40,28,2024-11-24,3.84234693877551,12,2024-11-24 04:00:00-03:00,2024-11-24 05:50:00-03:00,3,3,3,3,12,0,4,True
40,28,2024-11-25,3.84234693877551,12,2024-11-25 04:00:00-03:00,2024-11-25 05:50:00-03:00,3,3,3,3,12,0,4,True
40,28,2024-11-26,3.84234693877551,12,2024-11-26 04:00:00-03:00,2024-11-26 05:50:00-03:00,3,3,3,3,12,0,4,True
40,28,2024-11-27,3.84234693877551,12,2024-11-27 04:00:00-03:00,2024-11-27 05:50:00-03:00,3,3,3,3,12,0,4,True
40,28,2024-11-28,3.84234693877551,12,2024-11-28 04:00:00-03:00,2024-11-28 05:50:00-03:00,3,3,3,3,12,0,4,True
40,28,2024-11-29,3.84234693877551,12,2024-11-29 04:00:00-03:00,2024-11-29 05:50:00-03:00,3,3,3,3,12,0,4,True
40,28,2024-11-30,3.84234693877551,12,2024-11-30 04:00:00-03:00,2024-11-30 05:50:00-03:00,3,3,3,3,12,0,4,True
40,28,2024-12-01,3.84234693877551,12,2024-12-01 04:00:00-03:00,2024-12-01 05:50:00-03:00,3,3,3,3,12,0,4,True
40,28,2024-12-02,3.84234693877551,12,2024-12-02 04:00:00-03:00,2024-12-02 05:50:00-03:00,3,3,3,3,12,0,4,True
40,28,2024-12-03,3.84234693877551,12,2024-12-03 04:00:00-03:00,2024-12-03 05:50:00-03:00,3,3,3,3,12,0,4,True
40,28,2024-12-04,3.84234693877551,12,2024-12-04 04:00:00-03:00,2024-12-04 05:50:00-03:00,3,3,3,3,12,0,4,True
40,28,2024-12-05,3.84234693877551,12,2024-12-05 04:00:00-03:00,2024-12-05 05:50:00-03:00,3,3,3,3,12,0,4,True
40,28,2024-12-06,3.84234693877551,12,2024-12-06 04:00:00-03:00,2024-12-06 05:50:00-03:00,3,3,3,3,12,0,4,True
40,28,2024-12-07,3.84234693877551,12,2024-12-07 04:00:00-03:00,2024-12-07 05:50:00-03:00,3,3,3,3,12,0,4,True
40,28,2024-12-09,3.84234693877551,12,2024-12-09 04:00:00-03:00,2024-12-09 05:50:00-03:00,3,3,3,3,12,0,4,True
40,28,2024-12-10,3.84234693877551,12,2024-12-10 04:00:00-03:00,2024-12-10 05:50:00-03:00,3,3,3,3,12,0,4,True
40,28,2024-12-11,3.84234693877551,12,2024-12-11 04:00:00-03:00,2024-12-11 05:50:00-03:00,3,3,3,3,12,0,4,True
40,28,2024-12-12,3.84234693877551,12,2024-12-12 04:00:00-03:00,2024-12-12 05:50:00-03:00,3,3,3,3,12,0,4,True
40,28,2024-12-13,3.84234693877551,12,2024-12-13 04:00:00-03:00,2024-12-13 05:50:00-03:00,3,3,3,3,12,0,4,True
40,28,2024-12-14,3.84234693877551,12,2024-12-14 04:00:00-03:00,2024-12-14 05:50:00-03:00,3,3,3,3,12,0,4,True
40,28,2024-12-15,3.84234693877551,12,2024-12-15 04:00:00-03:00,2024-12-15 05:50:00-03:00,3,3,3,3,12,0,4,True
40,28,2024-12-16,3.84234693877551,12,2024-12-16 04:00:00-03:00,2024-12-16 05:50:00-03:00,3,3,3,3,12,0,4,True
40,28,2024-12-17,3.84234693877551,12,2024-12-17 04:00:00-03:00,2024-12-17 05:50:00-03:00,3,3,3,3,12,0,4,True
40,28,2024-12-18,3.84234693877551,12,2024-12-18 04:00:00-03:00,2024-12-18 05:50:00-03:00,3,3,3,3,12,0,4,True
40,28,2024-12-19,3.84234693877551,12,2024-12-19 04:00:00-03:00,2024-12-19 05:50:00-03:00,3,3,3,3,12,0,4,True
40,28,2024-12-20,3.84234693877551,12,2024-12-20 04:00:00-03:00,2024-12-20 05:50:00-03:00,3,3,3,3,12,0,4,True
40,28,2024-12-21,3.84234693877551,12,2024-12-21 04:00:00-03:00,2024-12-21 05:50:00-03:00,3,3,3,3,12,0,4,True
40,28,2024-12-22,3.84234693877551,12,2024-12-22 04:00:00-03:00,2024-12-22 05:50:00-03:00,3,3,3,3,12,0,4,True
40,28,2024-12-23,3.84234693877551,12,2024-12-23 04:00:00-03:00,2024-12-23 05:50:00-03:00,3,3,3,3,12,0,4,True
40,28,2024-12-24,3.84234693877551,12,2024-12-24 04:00:00-03:00,2024-12-24 05:50:00-03:00,3,3,3,3,12,0,4,True
40,28,2024-12-25,3.84234693877551,12,2024-12-25 04:00:00-03:00,2024-12-25 05:50:00-03:00,3,3,3,3,12,0,4,True
40,28,2024-12-26,3.84234693877551,12,2024-12-26 04:00:00-03:00,2024-12-26 05:50:00-03:00,3,3,3,3,12,0,4,True
40,28,2024-12-27,3.84234693877551,12,2024-12-27 04:00:00-03:00,2024-12-27 05:50:00-03:00,3,3,3,3,12,0,4,True
40,28,2024-12-28,3.84234693877551,12,2024-12-28 04:00:00-03:00,2024-12-28 05:50:00-03:00,3,3,3,3,12,0,4,True
40,28,2024-12-29,3.84234693877551,11,2024-12-29 04:00:00-03:00,2024-12-29 05:50:00-03:00,3,3,3,2,11,0,4,True
40,28,2025-01-21,3.84234693877551,12,2025-01-21 04:00:00-03:00,2025-01-21 05:50:00-03:00,3,3,3,3,12,0,4,True
40,28,2025-01-22,3.84234693877551,12,2025-01-22 04:00:00-03:00,2025-01-22 05:50:00-03:00,3,3,3,3,12,0,4,True
40,28,2025-01-23,3.84234693877551,12,2025-01-23 04:00:00-03:00,2025-01-23 05:50:00-03:00,3,3,3,3,12,0,4,True
40,28,2025-01-24,3.84234693877551,12,2025-01-24 04:00:00-03:00,2025-01-24 05:50:00-03:00,3,3,3,3,12,0,4,True
40,28,2025-01-25,3.84234693877551,12,2025-01-25 04:00:00-03:00,2025-01-25 05:50:00-03:00,3,3,3,3,12,0,4,True
40,28,2025-01-26,3.84234693877551,12,2025-01-26 04:00:00-03:00,2025-01-26 05:50:00-03:00,3,3,3,3,12,0,4,True
40,28,2025-01-27,3.84234693877551,8,2025-01-27 04:40:00-03:00,2025-01-27 05:50:00-03:00,0,2,3,3,8,0,3,False
40,28,2025-01-28,3.84234693877551,12,2025-01-28 04:00:00-03:00,2025-01-28 05:50:00-03:00,3,3,3,3,12,0,4,True
40,28,2025-01-29,3.84234693877551,12,2025-01-29 04:00:00-03:00,2025-01-29 05:50:00-03:00,3,3,3,3,12,0,4,True
40,28,2025-01-30,3.84234693877551,12,2025-01-30 04:00:00-03:00,2025-01-30 05:50:00-03:00,3,3,3,3,12,0,4,True
40,28,2025-01-31,3.84234693877551,12,2025-01-31 04:00:00-03:00,2025-01-31 05:50:00-03:00,3,3,3,3,12,0,4,True
40,28,2025-02-01,3.84234693877551,12,2025-02-01 04:00:00-03:00,2025-02-01 05:50:00-03:00,3,3,3,3,12,0,4,True
40,28,2025-02-03,3.84234693877551,11,2025-02-03 04:00:00-03:00,2025-02-03 05:50:00-03:00,3,2,3,3,11,0,4,True
40,28,2025-02-13,3.84234693877551,12,2025-02-13 04:00:00-03:00,2025-02-13 05:50:00-03:00,3,3,3,3,12,0,4,True
40,28,2025-02-14,3.84234693877551,12,2025-02-14 04:00:00-03:00,2025-02-14 05:50:00-03:00,3,3,3,3,12,0,4,True
40,28,2025-02-15,3.84234693877551,12,2025-02-15 04:00:00-03:00,2025-02-15 05:50:00-03:00,3,3,3,3,12,0,4,True
40,28,2025-02-16,3.84234693877551,9,2025-02-16 04:00:00-03:00,2025-02-16 05:40:00-03:00,2,3,2,2,9,0,4,True
40,28,2025-02-20,3.84234693877551,12,2025-02-20 04:00:00-03:00,2025-02-20 05:50:00-03:00,3,3,3,3,12,0,4,True
40,28,2025-02-21,3.84234693877551,12,2025-02-21 04:00:00-03:00,2025-02-21 05:50:00-03:00,3,3,3,3,12,0,4,True
40,28,2025-02-22,3.84234693877551,10,2025-02-22 04:00:00-03:00,2025-02-22 05:50:00-03:00,3,3,2,2,10,0,4,True
40,28,2025-02-28,3.84234693877551,12,2025-02-28 04:00:00-03:00,2025-02-28 05:50:00-03:00,3,3,3,3,12,0,4,True
40,28,2025-03-01,3.84234693877551,12,2025-03-01 04:00:00-03:00,2025-03-01 05:50:00-03:00,3,3,3,3,12,0,4,True
40,28,2025-03-02,3.84234693877551,12,2025-03-02 04:00:00-03:00,2025-03-02 05:50:00-03:00,3,3,3,3,12,0,4,True
40,28,2025-03-03,3.84234693877551,9,2025-03-03 04:00:00-03:00,2025-03-03 05:40:00-03:00,3,2,2,2,9,0,4,True
40,28,2025-03-06,3.84234693877551,1,2025-03-06 04:50:00-03:00,2025-03-06 04:50:00-03:00,0,1,0,0,1,0,1,False
40,28,2025-03-07,3.84234693877551,12,2025-03-07 04:00:00-03:00,2025-03-07 05:50:00-03:00,3,3,3,3,12,0,4,True
40,28,2025-03-08,3.84234693877551,4,2025-03-08 04:10:00-03:00,2025-03-08 05:10:00-03:00,2,1,1,0,4,0,3,False
40,28,2025-03-27,3.84234693877551,12,2025-03-27 04:00:00-03:00,2025-03-27 05:50:00-03:00,3,3,3,3,12,0,4,True
40,28,2025-03-28,3.84234693877551,12,2025-03-28 04:00:00-03:00,2025-03-28 05:50:00-03:00,3,3,3,3,12,0,4,True
40,28,2025-03-29,3.84234693877551,12,2025-03-29 04:00:00-03:00,2025-03-29 05:50:00-03:00,3,3,3,3,12,0,4,True
40,28,2025-03-30,3.84234693877551,12,2025-03-30 04:00:00-03:00,2025-03-30 05:50:00-03:00,3,3,3,3,12,0,4,True
40,28,2025-03-31,3.84234693877551,12,2025-03-31 04:00:00-03:00,2025-03-31 05:50:00-03:00,3,3,3,3,12,0,4,True
40,28,2025-04-01,3.84234693877551,12,2025-04-01 04:00:00-03:00,2025-04-01 05:50:00-03:00,3,3,3,3,12,0,4,True
40,28,2025-04-02,3.84234693877551,12,2025-04-02 04:00:00-03:00,2025-04-02 05:50:00-03:00,3,3,3,3,12,0,4,True
40,28,2025-04-03,3.84234693877551,12,2025-04-03 04:00:00-03:00,2025-04-03 05:50:00-03:00,3,3,3,3,12,0,4,True
40,28,2025-04-04,3.84234693877551,12,2025-04-04 04:00:00-03:00,2025-04-04 05:50:00-03:00,3,3,3,3,12,0,4,True
40,28,2025-04-05,3.84234693877551,12,2025-04-05 04:00:00-03:00,2025-04-05 05:50:00-03:00,3,3,3,3,12,0,4,True
40,28,2025-04-06,3.84234693877551,12,2025-04-06 04:00:00-03:00,2025-04-06 05:50:00-03:00,3,3,3,3,12,0,4,True
40,28,2025-04-07,3.84234693877551,12,2025-04-07 04:00:00-03:00,2025-04-07 05:50:00-03:00,3,3,3,3,12,0,4,True
40,28,2025-04-17,3.84234693877551,12,2025-04-17 04:00:00-03:00,2025-04-17 05:50:00-03:00,3,3,3,3,12,0,4,True
40,28,2025-04-18,3.84234693877551,12,2025-04-18 04:00:00-03:00,2025-04-18 05:50:00-03:00,3,3,3,3,12,0,4,True
40,28,2025-04-19,3.84234693877551,12,2025-04-19 04:00:00-03:00,2025-04-19 05:50:00-03:00,3,3,3,3,12,0,4,True
40,28,2025-04-20,3.84234693877551,12,2025-04-20 04:00:00-03:00,2025-04-20 05:50:00-03:00,3,3,3,3,12,0,4,True
40,28,2025-04-21,3.84234693877551,12,2025-04-21 04:00:00-03:00,2025-04-21 05:50:00-03:00,3,3,3,3,12,0,4,True
40,28,2025-04-22,3.84234693877551,12,2025-04-22 04:00:00-03:00,2025-04-22 05:50:00-03:00,3,3,3,3,12,0,4,True
40,28,2025-04-23,3.84234693877551,12,2025-04-23 04:00:00-03:00,2025-04-23 05:50:00-03:00,3,3,3,3,12,0,4,True
40,28,2025-04-24,3.84234693877551,12,2025-04-24 04:00:00-03:00,2025-04-24 05:50:00-03:00,3,3,3,3,12,0,4,True
40,28,2025-06-05,3.84234693877551,12,2025-06-05 04:00:00-03:00,2025-06-05 05:50:00-03:00,3,3,3,3,12,0,4,True
40,28,2025-06-06,3.84234693877551,12,2025-06-06 04:00:00-03:00,2025-06-06 05:50:00-03:00,3,3,3,3,12,0,4,True
40,28,2025-06-07,3.84234693877551,12,2025-06-07 04:00:00-03:00,2025-06-07 05:50:00-03:00,3,3,3,3,12,0,4,True
40,28,2025-06-08,3.84234693877551,12,2025-06-08 04:00:00-03:00,2025-06-08 05:50:00-03:00,3,3,3,3,12,0,4,True
40,28,2025-06-09,3.84234693877551,12,2025-06-09 04:00:00-03:00,2025-06-09 05:50:00-03:00,3,3,3,3,12,0,4,True
40,28,2025-06-10,3.84234693877551,12,2025-06-10 04:00:00-03:00,2025-06-10 05:50:00-03:00,3,3,3,3,12,0,4,True
40,28,2025-06-11,3.84234693877551,12,2025-06-11 04:00:00-03:00,2025-06-11 05:50:00-03:00,3,3,3,3,12,0,4,True
40,28,2025-06-12,3.84234693877551,12,2025-06-12 04:00:00-03:00,2025-06-12 05:50:00-03:00,3,3,3,3,12,0,4,True
40,28,2025-06-13,3.84234693877551,12,2025-06-13 04:00:00-03:00,2025-06-13 05:50:00-03:00,3,3,3,3,12,0,4,True
40,28,2025-06-14,3.84234693877551,12,2025-06-14 04:00:00-03:00,2025-06-14 05:50:00-03:00,3,3,3,3,12,0,4,True
40,28,2025-06-15,3.84234693877551,12,2025-06-15 04:00:00-03:00,2025-06-15 05:50:00-03:00,3,3,3,3,12,0,4,True
40,28,2025-06-16,3.84234693877551,12,2025-06-16 04:00:00-03:00,2025-06-16 05:50:00-03:00,3,3,3,3,12,0,4,True
40,28,2025-06-17,3.84234693877551,12,2025-06-17 04:00:00-03:00,2025-06-17 05:50:00-03:00,3,3,3,3,12,0,4,True
40,28,2025-06-18,3.84234693877551,12,2025-06-18 04:00:00-03:00,2025-06-18 05:50:00-03:00,3,3,3,3,12,0,4,True
40,28,2025-06-19,3.84234693877551,12,2025-06-19 04:00:00-03:00,2025-06-19 05:50:00-03:00,3,3,3,3,12,0,4,True
40,28,2025-06-20,3.84234693877551,12,2025-06-20 04:00:00-03:00,2025-06-20 05:50:00-03:00,3,3,3,3,12,0,4,True
40,28,2025-06-21,3.84234693877551,12,2025-06-21 04:00:00-03:00,2025-06-21 05:50:00-03:00,3,3,3,3,12,0,4,True
40,28,2025-06-22,3.84234693877551,12,2025-06-22 04:00:00-03:00,2025-06-22 05:50:00-03:00,3,3,3,3,12,0,4,True
40,28,2025-06-23,3.84234693877551,12,2025-06-23 04:00:00-03:00,2025-06-23 05:50:00-03:00,3,3,3,3,12,0,4,True
40,28,2025-06-24,3.84234693877551,12,2025-06-24 04:00:00-03:00,2025-06-24 05:50:00-03:00,3,3,3,3,12,0,4,True
40,28,2025-06-25,3.84234693877551,8,2025-06-25 04:00:00-03:00,2025-06-25 05:50:00-03:00,3,2,1,2,8,0,4,True
40,28,2025-07-15,3.84234693877551,12,2025-07-15 04:00:00-03:00,2025-07-15 05:50:00-03:00,3,3,3,3,12,0,4,True
40,28,2025-07-16,3.84234693877551,12,2025-07-16 04:00:00-03:00,2025-07-16 05:50:00-03:00,3,3,3,3,12,0,4,True
40,28,2025-07-17,3.84234693877551,12,2025-07-17 04:00:00-03:00,2025-07-17 05:50:00-03:00,3,3,3,3,12,0,4,True
40,28,2025-07-18,3.84234693877551,12,2025-07-18 04:00:00-03:00,2025-07-18 05:50:00-03:00,3,3,3,3,12,0,4,True
40,28,2025-07-19,3.84234693877551,12,2025-07-19 04:00:00-03:00,2025-07-19 05:50:00-03:00,3,3,3,3,12,0,4,True
40,28,2025-07-20,3.84234693877551,12,2025-07-20 04:00:00-03:00,2025-07-20 05:50:00-03:00,3,3,3,3,12,0,4,True
40,28,2025-07-21,3.84234693877551,12,2025-07-21 04:00:00-03:00,2025-07-21 05:50:00-03:00,3,3,3,3,12,0,4,True
40,28,2025-07-22,3.84234693877551,12,2025-07-22 04:00:00-03:00,2025-07-22 05:50:00-03:00,3,3,3,3,12,0,4,True
40,28,2025-07-23,3.84234693877551,12,2025-07-23 04:00:00-03:00,2025-07-23 05:50:00-03:00,3,3,3,3,12,0,4,True
40,28,2025-07-24,3.84234693877551,12,2025-07-24 04:00:00-03:00,2025-07-24 05:50:00-03:00,3,3,3,3,12,0,4,True
40,28,2025-07-25,3.84234693877551,12,2025-07-25 04:00:00-03:00,2025-07-25 05:50:00-03:00,3,3,3,3,12,0,4,True
40,28,2025-07-26,3.84234693877551,12,2025-07-26 04:00:00-03:00,2025-07-26 05:50:00-03:00,3,3,3,3,12,0,4,True
40,28,2025-07-27,3.84234693877551,12,2025-07-27 04:00:00-03:00,2025-07-27 05:50:00-03:00,3,3,3,3,12,0,4,True
40,28,2025-07-28,3.84234693877551,12,2025-07-28 04:00:00-03:00,2025-07-28 05:50:00-03:00,3,3,3,3,12,0,4,True
40,28,2025-07-29,3.84234693877551,12,2025-07-29 04:00:00-03:00,2025-07-29 05:50:00-03:00,3,3,3,3,12,0,4,True
40,28,2025-07-30,3.84234693877551,12,2025-07-30 04:00:00-03:00,2025-07-30 05:50:00-03:00,3,3,3,3,12,0,4,True
40,28,2025-07-31,3.84234693877551,12,2025-07-31 04:00:00-03:00,2025-07-31 05:50:00-03:00,3,3,3,3,12,0,4,True
40,28,2025-08-01,3.84234693877551,12,2025-08-01 04:00:00-03:00,2025-08-01 05:50:00-03:00,3,3,3,3,12,0,4,True
40,28,2025-08-11,3.84234693877551,12,2025-08-11 04:00:00-03:00,2025-08-11 05:50:00-03:00,3,3,3,3,12,0,4,True
40,28,2025-08-12,3.84234693877551,12,2025-08-12 04:00:00-03:00,2025-08-12 05:50:00-03:00,3,3,3,3,12,0,4,True
40,28,2025-08-13,3.84234693877551,12,2025-08-13 04:00:00-03:00,2025-08-13 05:50:00-03:00,3,3,3,3,12,0,4,True
40,28,2025-08-14,3.84234693877551,12,2025-08-14 04:00:00-03:00,2025-08-14 05:50:00-03:00,3,3,3,3,12,0,4,True
40,28,2025-08-15,3.84234693877551,12,2025-08-15 04:00:00-03:00,2025-08-15 05:50:00-03:00,3,3,3,3,12,0,4,True
40,28,2025-08-16,3.84234693877551,12,2025-08-16 04:00:00-03:00,2025-08-16 05:50:00-03:00,3,3,3,3,12,0,4,True
40,28,2025-08-17,3.84234693877551,12,2025-08-17 04:00:00-03:00,2025-08-17 05:50:00-03:00,3,3,3,3,12,0,4,True
40,28,2025-08-18,3.84234693877551,12,2025-08-18 04:00:00-03:00,2025-08-18 05:50:00-03:00,3,3,3,3,12,0,4,True
40,28,2025-08-19,3.84234693877551,12,2025-08-19 04:00:00-03:00,2025-08-19 05:50:00-03:00,3,3,3,3,12,0,4,True
40,28,2025-08-20,3.84234693877551,12,2025-08-20 04:00:00-03:00,2025-08-20 05:50:00-03:00,3,3,3,3,12,0,4,True
40,28,2025-08-21,3.84234693877551,12,2025-08-21 04:00:00-03:00,2025-08-21 05:50:00-03:00,3,3,3,3,12,0,4,True
40,28,2025-08-22,3.84234693877551,12,2025-08-22 04:00:00-03:00,2025-08-22 05:50:00-03:00,3,3,3,3,12,0,4,True
40,28,2025-08-23,3.84234693877551,12,2025-08-23 04:00:00-03:00,2025-08-23 05:50:00-03:00,3,3,3,3,12,0,4,True
40,28,2025-08-24,3.84234693877551,12,2025-08-24 04:00:00-03:00,2025-08-24 05:50:00-03:00,3,3,3,3,12,0,4,True
40,28,2025-08-25,3.84234693877551,12,2025-08-25 04:00:00-03:00,2025-08-25 05:50:00-03:00,3,3,3,3,12,0,4,True
40,28,2025-08-26,3.84234693877551,12,2025-08-26 04:00:00-03:00,2025-08-26 05:50:00-03:00,3,3,3,3,12,0,4,True
40,28,2025-08-27,3.84234693877551,12,2025-08-27 04:00:00-03:00,2025-08-27 05:50:00-03:00,3,3,3,3,12,0,4,True
40,28,2025-08-28,3.84234693877551,3,2025-08-28 04:00:00-03:00,2025-08-28 04:30:00-03:00,2,1,0,0,3,0,2,False
40,28,2025-10-14,3.84234693877551,12,2025-10-14 04:00:00-03:00,2025-10-14 05:50:00-03:00,3,3,3,3,12,0,4,True
40,28,2025-10-15,3.84234693877551,12,2025-10-15 04:00:00-03:00,2025-10-15 05:50:00-03:00,3,3,3,3,12,0,4,True
40,28,2025-10-16,3.84234693877551,12,2025-10-16 04:00:00-03:00,2025-10-16 05:50:00-03:00,3,3,3,3,12,0,4,True
40,28,2025-10-17,3.84234693877551,12,2025-10-17 04:00:00-03:00,2025-10-17 05:50:00-03:00,3,3,3,3,12,0,4,True
40,28,2025-10-18,3.84234693877551,12,2025-10-18 04:00:00-03:00,2025-10-18 05:50:00-03:00,3,3,3,3,12,0,4,True
40,28,2025-10-19,3.84234693877551,12,2025-10-19 04:00:00-03:00,2025-10-19 05:50:00-03:00,3,3,3,3,12,0,4,True
41,58,2024-11-11,2.58339719029374,11,2024-11-11 04:00:00-03:00,2024-11-11 05:40:00-03:00,3,3,3,2,11,0,4,True
41,58,2024-11-12,2.58339719029374,12,2024-11-12 04:00:00-03:00,2024-11-12 05:50:00-03:00,3,3,3,3,12,0,4,True
41,58,2024-11-13,2.58339719029374,3,2024-11-13 04:10:00-03:00,2024-11-13 04:50:00-03:00,1,2,0,0,3,0,2,False
41,58,2024-11-15,2.58339719029374,3,2024-11-15 04:00:00-03:00,2024-11-15 05:00:00-03:00,2,0,1,0,3,0,2,False
41,58,2024-11-21,2.58339719029374,6,2024-11-21 04:00:00-03:00,2024-11-21 05:30:00-03:00,1,1,3,1,6,0,4,True
41,110,2025-04-09,2.58339719029374,9,2025-04-09 04:10:00-03:00,2025-04-09 05:50:00-03:00,2,2,2,3,9,0,4,True
41,110,2025-04-10,2.58339719029374,12,2025-04-10 04:00:00-03:00,2025-04-10 05:50:00-03:00,3,3,3,3,12,0,4,True
41,110,2025-04-11,2.58339719029374,12,2025-04-11 04:00:00-03:00,2025-04-11 05:50:00-03:00,3,3,3,3,12,0,4,True
41,110,2025-04-12,2.58339719029374,12,2025-04-12 04:00:00-03:00,2025-04-12 05:50:00-03:00,3,3,3,3,12,0,4,True
41,110,2025-04-13,2.58339719029374,12,2025-04-13 04:00:00-03:00,2025-04-13 05:50:00-03:00,3,3,3,3,12,0,4,True
41,110,2025-04-14,2.58339719029374,12,2025-04-14 04:00:00-03:00,2025-04-14 05:50:00-03:00,3,3,3,3,12,0,4,True
41,110,2025-04-15,2.58339719029374,12,2025-04-15 04:00:00-03:00,2025-04-15 05:50:00-03:00,3,3,3,3,12,0,4,True
41,110,2025-04-16,2.58339719029374,12,2025-04-16 04:00:00-03:00,2025-04-16 05:50:00-03:00,3,3,3,3,12,0,4,True
41,110,2025-04-17,2.58339719029374,10,2025-04-17 04:00:00-03:00,2025-04-17 05:50:00-03:00,3,3,2,2,10,0,4,True
41,110,2025-04-18,2.58339719029374,12,2025-04-18 04:00:00-03:00,2025-04-18 05:50:00-03:00,3,3,3,3,12,0,4,True
41,110,2025-04-19,2.58339719029374,12,2025-04-19 04:00:00-03:00,2025-04-19 05:50:00-03:00,3,3,3,3,12,0,4,True
41,110,2025-04-20,2.58339719029374,12,2025-04-20 04:00:00-03:00,2025-04-20 05:50:00-03:00,3,3,3,3,12,0,4,True
41,110,2025-04-21,2.58339719029374,12,2025-04-21 04:00:00-03:00,2025-04-21 05:50:00-03:00,3,3,3,3,12,0,4,True
41,110,2025-04-22,2.58339719029374,12,2025-04-22 04:00:00-03:00,2025-04-22 05:50:00-03:00,3,3,3,3,12,0,4,True
41,110,2025-04-23,2.58339719029374,12,2025-04-23 04:00:00-03:00,2025-04-23 05:50:00-03:00,3,3,3,3,12,0,4,True
41,110,2025-04-24,2.58339719029374,12,2025-04-24 04:00:00-03:00,2025-04-24 05:50:00-03:00,3,3,3,3,12,0,4,True
41,110,2025-04-25,2.58339719029374,12,2025-04-25 04:00:00-03:00,2025-04-25 05:50:00-03:00,3,3,3,3,12,0,4,True
41,110,2025-04-26,2.58339719029374,12,2025-04-26 04:00:00-03:00,2025-04-26 05:50:00-03:00,3,3,3,3,12,0,4,True
41,110,2025-04-27,2.58339719029374,12,2025-04-27 04:00:00-03:00,2025-04-27 05:50:00-03:00,3,3,3,3,12,0,4,True
41,110,2025-04-28,2.58339719029374,12,2025-04-28 04:00:00-03:00,2025-04-28 05:50:00-03:00,3,3,3,3,12,0,4,True
41,110,2025-04-29,2.58339719029374,12,2025-04-29 04:00:00-03:00,2025-04-29 05:50:00-03:00,3,3,3,3,12,0,4,True
41,110,2025-04-30,2.58339719029374,12,2025-04-30 04:00:00-03:00,2025-04-30 05:50:00-03:00,3,3,3,3,12,0,4,True
42,30,2024-11-14,0.30537084398977,12,2024-11-14 04:00:00-03:00,2024-11-14 05:50:00-03:00,3,3,3,3,12,0,4,True
42,30,2024-11-15,0.30537084398977,12,2024-11-15 04:00:00-03:00,2024-11-15 05:50:00-03:00,3,3,3,3,12,0,4,True
42,30,2024-11-16,0.30537084398977,12,2024-11-16 04:00:00-03:00,2024-11-16 05:50:00-03:00,3,3,3,3,12,0,4,True
42,30,2024-11-17,0.30537084398977,12,2024-11-17 04:00:00-03:00,2024-11-17 05:50:00-03:00,3,3,3,3,12,0,4,True
42,30,2024-11-18,0.30537084398977,12,2024-11-18 04:00:00-03:00,2024-11-18 05:50:00-03:00,3,3,3,3,12,0,4,True
42,30,2024-11-19,0.30537084398977,12,2024-11-19 04:00:00-03:00,2024-11-19 05:50:00-03:00,3,3,3,3,12,0,4,True
42,30,2024-11-20,0.30537084398977,12,2024-11-20 04:00:00-03:00,2024-11-20 05:50:00-03:00,3,3,3,3,12,0,4,True
42,30,2024-11-21,0.30537084398977,12,2024-11-21 04:00:00-03:00,2024-11-21 05:50:00-03:00,3,3,3,3,12,0,4,True
42,30,2024-11-22,0.30537084398977,12,2024-11-22 04:00:00-03:00,2024-11-22 05:50:00-03:00,3,3,3,3,12,0,4,True
42,30,2024-11-23,0.30537084398977,12,2024-11-23 04:00:00-03:00,2024-11-23 05:50:00-03:00,3,3,3,3,12,0,4,True
42,30,2024-11-24,0.30537084398977,12,2024-11-24 04:00:00-03:00,2024-11-24 05:50:00-03:00,3,3,3,3,12,0,4,True
42,30,2024-11-25,0.30537084398977,12,2024-11-25 04:00:00-03:00,2024-11-25 05:50:00-03:00,3,3,3,3,12,0,4,True
42,30,2024-11-26,0.30537084398977,12,2024-11-26 04:00:00-03:00,2024-11-26 05:50:00-03:00,3,3,3,3,12,0,4,True
42,30,2024-11-27,0.30537084398977,12,2024-11-27 04:00:00-03:00,2024-11-27 05:50:00-03:00,3,3,3,3,12,0,4,True
42,30,2024-11-28,0.30537084398977,12,2024-11-28 04:00:00-03:00,2024-11-28 05:50:00-03:00,3,3,3,3,12,0,4,True
42,30,2024-11-29,0.30537084398977,12,2024-11-29 04:00:00-03:00,2024-11-29 05:50:00-03:00,3,3,3,3,12,0,4,True
42,30,2024-11-30,0.30537084398977,12,2024-11-30 04:00:00-03:00,2024-11-30 05:50:00-03:00,3,3,3,3,12,0,4,True
42,30,2024-12-01,0.30537084398977,12,2024-12-01 04:00:00-03:00,2024-12-01 05:50:00-03:00,3,3,3,3,12,0,4,True
42,30,2024-12-02,0.30537084398977,12,2024-12-02 04:00:00-03:00,2024-12-02 05:50:00-03:00,3,3,3,3,12,0,4,True
42,30,2024-12-03,0.30537084398977,12,2024-12-03 04:00:00-03:00,2024-12-03 05:50:00-03:00,3,3,3,3,12,0,4,True
42,30,2024-12-04,0.30537084398977,12,2024-12-04 04:00:00-03:00,2024-12-04 05:50:00-03:00,3,3,3,3,12,0,4,True
42,30,2024-12-05,0.30537084398977,12,2024-12-05 04:00:00-03:00,2024-12-05 05:50:00-03:00,3,3,3,3,12,0,4,True
43,65,2024-11-14,2.13282247765006,11,2024-11-14 04:10:00-03:00,2024-11-14 05:50:00-03:00,2,3,3,3,11,0,4,True
43,65,2024-11-15,2.13282247765006,12,2024-11-15 04:00:00-03:00,2024-11-15 05:50:00-03:00,3,3,3,3,12,0,4,True
43,65,2024-11-16,2.13282247765006,12,2024-11-16 04:00:00-03:00,2024-11-16 05:50:00-03:00,3,3,3,3,12,0,4,True
43,65,2024-11-17,2.13282247765006,12,2024-11-17 04:00:00-03:00,2024-11-17 05:50:00-03:00,3,3,3,3,12,0,4,True
43,65,2024-11-18,2.13282247765006,12,2024-11-18 04:00:00-03:00,2024-11-18 05:50:00-03:00,3,3,3,3,12,0,4,True
43,65,2024-11-19,2.13282247765006,12,2024-11-19 04:00:00-03:00,2024-11-19 05:50:00-03:00,3,3,3,3,12,0,4,True
43,65,2024-11-20,2.13282247765006,10,2024-11-20 04:10:00-03:00,2024-11-20 05:50:00-03:00,1,3,3,3,10,0,4,True
43,65,2024-11-21,2.13282247765006,11,2024-11-21 04:00:00-03:00,2024-11-21 05:50:00-03:00,3,3,2,3,11,0,4,True
43,65,2024-11-22,2.13282247765006,12,2024-11-22 04:00:00-03:00,2024-11-22 05:50:00-03:00,3,3,3,3,12,0,4,True
43,65,2024-11-23,2.13282247765006,12,2024-11-23 04:00:00-03:00,2024-11-23 05:50:00-03:00,3,3,3,3,12,0,4,True
43,65,2024-11-24,2.13282247765006,12,2024-11-24 04:00:00-03:00,2024-11-24 05:50:00-03:00,3,3,3,3,12,0,4,True
43,65,2024-11-25,2.13282247765006,12,2024-11-25 04:00:00-03:00,2024-11-25 05:50:00-03:00,3,3,3,3,12,0,4,True
43,65,2024-11-26,2.13282247765006,12,2024-11-26 04:00:00-03:00,2024-11-26 05:50:00-03:00,3,3,3,3,12,0,4,True
43,65,2024-11-27,2.13282247765006,11,2024-11-27 04:00:00-03:00,2024-11-27 05:50:00-03:00,3,3,2,3,11,0,4,True
43,65,2024-11-28,2.13282247765006,12,2024-11-28 04:00:00-03:00,2024-11-28 05:50:00-03:00,3,3,3,3,12,0,4,True
43,65,2024-11-29,2.13282247765006,12,2024-11-29 04:00:00-03:00,2024-11-29 05:50:00-03:00,3,3,3,3,12,0,4,True
43,65,2024-11-30,2.13282247765006,12,2024-11-30 04:00:00-03:00,2024-11-30 05:50:00-03:00,3,3,3,3,12,0,4,True
43,65,2024-12-01,2.13282247765006,12,2024-12-01 04:00:00-03:00,2024-12-01 05:50:00-03:00,3,3,3,3,12,0,4,True
43,65,2024-12-02,2.13282247765006,12,2024-12-02 04:00:00-03:00,2024-12-02 05:50:00-03:00,3,3,3,3,12,0,4,True
43,65,2024-12-03,2.13282247765006,11,2024-12-03 04:00:00-03:00,2024-12-03 05:50:00-03:00,3,3,2,3,11,0,4,True
43,65,2024-12-04,2.13282247765006,8,2024-12-04 04:00:00-03:00,2024-12-04 05:50:00-03:00,3,1,1,3,8,0,4,True
43,65,2024-12-05,2.13282247765006,12,2024-12-05 04:00:00-03:00,2024-12-05 05:50:00-03:00,3,3,3,3,12,0,4,True
44,61,2024-11-15,0.994622279129321,12,2024-11-15 04:00:00-03:00,2024-11-15 05:50:00-03:00,3,3,3,3,12,0,4,True
44,61,2024-11-16,0.994622279129321,12,2024-11-16 04:00:00-03:00,2024-11-16 05:50:00-03:00,3,3,3,3,12,0,4,True
44,61,2024-11-17,0.994622279129321,12,2024-11-17 04:00:00-03:00,2024-11-17 05:50:00-03:00,3,3,3,3,12,0,4,True
44,61,2024-11-18,0.994622279129321,12,2024-11-18 04:00:00-03:00,2024-11-18 05:50:00-03:00,3,3,3,3,12,0,4,True
44,61,2024-11-19,0.994622279129321,12,2024-11-19 04:00:00-03:00,2024-11-19 05:50:00-03:00,3,3,3,3,12,0,4,True
44,61,2024-11-20,0.994622279129321,8,2024-11-20 04:40:00-03:00,2024-11-20 05:50:00-03:00,0,2,3,3,8,0,3,False
44,61,2024-11-21,0.994622279129321,12,2024-11-21 04:00:00-03:00,2024-11-21 05:50:00-03:00,3,3,3,3,12,0,4,True
44,61,2024-11-22,0.994622279129321,12,2024-11-22 04:00:00-03:00,2024-11-22 05:50:00-03:00,3,3,3,3,12,0,4,True
44,61,2024-11-23,0.994622279129321,12,2024-11-23 04:00:00-03:00,2024-11-23 05:50:00-03:00,3,3,3,3,12,0,4,True
44,61,2024-11-24,0.994622279129321,10,2024-11-24 04:10:00-03:00,2024-11-24 05:50:00-03:00,1,3,3,3,10,0,4,True
44,61,2024-11-25,0.994622279129321,12,2024-11-25 04:00:00-03:00,2024-11-25 05:50:00-03:00,3,3,3,3,12,0,4,True
44,61,2024-11-26,0.994622279129321,9,2024-11-26 04:00:00-03:00,2024-11-26 05:50:00-03:00,2,3,1,3,9,0,4,True
44,61,2024-11-27,0.994622279129321,11,2024-11-27 04:10:00-03:00,2024-11-27 05:50:00-03:00,2,3,3,3,11,0,4,True
44,61,2024-11-28,0.994622279129321,12,2024-11-28 04:00:00-03:00,2024-11-28 05:50:00-03:00,3,3,3,3,12,0,4,True
44,61,2024-11-29,0.994622279129321,12,2024-11-29 04:00:00-03:00,2024-11-29 05:50:00-03:00,3,3,3,3,12,0,4,True
44,61,2024-11-30,0.994622279129321,12,2024-11-30 04:00:00-03:00,2024-11-30 05:50:00-03:00,3,3,3,3,12,0,4,True
44,61,2024-12-01,0.994622279129321,9,2024-12-01 04:00:00-03:00,2024-12-01 05:40:00-03:00,2,3,2,2,9,0,4,True
44,61,2024-12-02,0.994622279129321,12,2024-12-02 04:00:00-03:00,2024-12-02 05:50:00-03:00,3,3,3,3,12,0,4,True
44,61,2024-12-03,0.994622279129321,9,2024-12-03 04:00:00-03:00,2024-12-03 05:50:00-03:00,2,2,3,2,9,0,4,True
44,61,2024-12-04,0.994622279129321,12,2024-12-04 04:00:00-03:00,2024-12-04 05:50:00-03:00,3,3,3,3,12,0,4,True
44,61,2024-12-05,0.994622279129321,12,2024-12-05 04:00:00-03:00,2024-12-05 05:50:00-03:00,3,3,3,3,12,0,4,True
45,15,2024-11-15,2.82259306803594,12,2024-11-15 04:00:00-03:00,2024-11-15 05:50:00-03:00,3,3,3,3,12,0,4,True
45,15,2024-11-16,2.82259306803594,12,2024-11-16 04:00:00-03:00,2024-11-16 05:50:00-03:00,3,3,3,3,12,0,4,True
45,15,2024-11-17,2.82259306803594,12,2024-11-17 04:00:00-03:00,2024-11-17 05:50:00-03:00,3,3,3,3,12,0,4,True
45,15,2024-11-18,2.82259306803594,12,2024-11-18 04:00:00-03:00,2024-11-18 05:50:00-03:00,3,3,3,3,12,0,4,True
45,15,2024-11-19,2.82259306803594,12,2024-11-19 04:00:00-03:00,2024-11-19 05:50:00-03:00,3,3,3,3,12,0,4,True
45,15,2024-11-20,2.82259306803594,12,2024-11-20 04:00:00-03:00,2024-11-20 05:50:00-03:00,3,3,3,3,12,0,4,True
45,15,2024-11-21,2.82259306803594,12,2024-11-21 04:00:00-03:00,2024-11-21 05:50:00-03:00,3,3,3,3,12,0,4,True
45,15,2024-11-22,2.82259306803594,12,2024-11-22 04:00:00-03:00,2024-11-22 05:50:00-03:00,3,3,3,3,12,0,4,True
45,15,2024-11-23,2.82259306803594,12,2024-11-23 04:00:00-03:00,2024-11-23 05:50:00-03:00,3,3,3,3,12,0,4,True
45,15,2024-11-24,2.82259306803594,12,2024-11-24 04:00:00-03:00,2024-11-24 05:50:00-03:00,3,3,3,3,12,0,4,True
45,15,2024-11-25,2.82259306803594,12,2024-11-25 04:00:00-03:00,2024-11-25 05:50:00-03:00,3,3,3,3,12,0,4,True
45,15,2024-11-26,2.82259306803594,12,2024-11-26 04:00:00-03:00,2024-11-26 05:50:00-03:00,3,3,3,3,12,0,4,True
45,15,2024-11-27,2.82259306803594,12,2024-11-27 04:00:00-03:00,2024-11-27 05:50:00-03:00,3,3,3,3,12,0,4,True
45,15,2024-11-28,2.82259306803594,12,2024-11-28 04:00:00-03:00,2024-11-28 05:50:00-03:00,3,3,3,3,12,0,4,True
45,15,2024-11-29,2.82259306803594,12,2024-11-29 04:00:00-03:00,2024-11-29 05:50:00-03:00,3,3,3,3,12,0,4,True
45,15,2024-11-30,2.82259306803594,12,2024-11-30 04:00:00-03:00,2024-11-30 05:50:00-03:00,3,3,3,3,12,0,4,True
45,15,2024-12-01,2.82259306803594,12,2024-12-01 04:00:00-03:00,2024-12-01 05:50:00-03:00,3,3,3,3,12,0,4,True
45,15,2024-12-02,2.82259306803594,12,2024-12-02 04:00:00-03:00,2024-12-02 05:50:00-03:00,3,3,3,3,12,0,4,True
45,15,2024-12-03,2.82259306803594,12,2024-12-03 04:00:00-03:00,2024-12-03 05:50:00-03:00,3,3,3,3,12,0,4,True
45,15,2024-12-04,2.82259306803594,12,2024-12-04 04:00:00-03:00,2024-12-04 05:50:00-03:00,3,3,3,3,12,0,4,True
45,15,2024-12-05,2.82259306803594,12,2024-12-05 04:00:00-03:00,2024-12-05 05:50:00-03:00,3,3,3,3,12,0,4,True
45,15,2024-12-06,2.82259306803594,12,2024-12-06 04:00:00-03:00,2024-12-06 05:50:00-03:00,3,3,3,3,12,0,4,True
45,191,2025-07-14,2.80556962025316,12,2025-07-14 04:00:00-03:00,2025-07-14 05:50:00-03:00,3,3,3,3,12,0,4,True
45,191,2025-07-15,2.80556962025316,12,2025-07-15 04:00:00-03:00,2025-07-15 05:50:00-03:00,3,3,3,3,12,0,4,True
45,191,2025-07-16,2.80556962025316,12,2025-07-16 04:00:00-03:00,2025-07-16 05:50:00-03:00,3,3,3,3,12,0,4,True
45,191,2025-07-17,2.80556962025316,12,2025-07-17 04:00:00-03:00,2025-07-17 05:50:00-03:00,3,3,3,3,12,0,4,True
45,191,2025-07-18,2.80556962025316,12,2025-07-18 04:00:00-03:00,2025-07-18 05:50:00-03:00,3,3,3,3,12,0,4,True
45,191,2025-07-19,2.80556962025316,12,2025-07-19 04:00:00-03:00,2025-07-19 05:50:00-03:00,3,3,3,3,12,0,4,True
45,191,2025-07-20,2.80556962025316,12,2025-07-20 04:00:00-03:00,2025-07-20 05:50:00-03:00,3,3,3,3,12,0,4,True
45,191,2025-07-21,2.80556962025316,12,2025-07-21 04:00:00-03:00,2025-07-21 05:50:00-03:00,3,3,3,3,12,0,4,True
45,191,2025-07-22,2.80556962025316,12,2025-07-22 04:00:00-03:00,2025-07-22 05:50:00-03:00,3,3,3,3,12,0,4,True
45,191,2025-07-23,2.80556962025316,12,2025-07-23 04:00:00-03:00,2025-07-23 05:50:00-03:00,3,3,3,3,12,0,4,True
45,191,2025-07-24,2.80556962025316,12,2025-07-24 04:00:00-03:00,2025-07-24 05:50:00-03:00,3,3,3,3,12,0,4,True
45,191,2025-07-25,2.80556962025316,12,2025-07-25 04:00:00-03:00,2025-07-25 05:50:00-03:00,3,3,3,3,12,0,4,True
45,191,2025-07-26,2.80556962025316,12,2025-07-26 04:00:00-03:00,2025-07-26 05:50:00-03:00,3,3,3,3,12,0,4,True
45,191,2025-07-27,2.80556962025316,12,2025-07-27 04:00:00-03:00,2025-07-27 05:50:00-03:00,3,3,3,3,12,0,4,True
45,191,2025-07-28,2.80556962025316,12,2025-07-28 04:00:00-03:00,2025-07-28 05:50:00-03:00,3,3,3,3,12,0,4,True
45,191,2025-07-29,2.80556962025316,12,2025-07-29 04:00:00-03:00,2025-07-29 05:50:00-03:00,3,3,3,3,12,0,4,True
45,191,2025-07-30,2.80556962025316,12,2025-07-30 04:00:00-03:00,2025-07-30 05:50:00-03:00,3,3,3,3,12,0,4,True
45,191,2025-07-31,2.80556962025316,12,2025-07-31 04:00:00-03:00,2025-07-31 05:50:00-03:00,3,3,3,3,12,0,4,True
45,191,2025-08-01,2.80556962025316,12,2025-08-01 04:00:00-03:00,2025-08-01 05:50:00-03:00,3,3,3,3,12,0,4,True
45,191,2025-08-02,2.80556962025316,12,2025-08-02 04:00:00-03:00,2025-08-02 05:50:00-03:00,3,3,3,3,12,0,4,True
45,191,2025-08-03,2.80556962025316,12,2025-08-03 04:00:00-03:00,2025-08-03 05:50:00-03:00,3,3,3,3,12,0,4,True
45,191,2025-08-04,2.80556962025316,12,2025-08-04 04:00:00-03:00,2025-08-04 05:50:00-03:00,3,3,3,3,12,0,4,True
45,191,2025-08-05,2.80556962025316,12,2025-08-05 04:00:00-03:00,2025-08-05 05:50:00-03:00,3,3,3,3,12,0,4,True
45,191,2025-08-06,2.80556962025316,12,2025-08-06 04:00:00-03:00,2025-08-06 05:50:00-03:00,3,3,3,3,12,0,4,True
45,191,2025-08-07,2.80556962025316,12,2025-08-07 04:00:00-03:00,2025-08-07 05:50:00-03:00,3,3,3,3,12,0,4,True
46,42,2024-11-15,2.29718670076726,12,2024-11-15 04:00:00-03:00,2024-11-15 05:50:00-03:00,3,3,3,3,12,0,4,True
46,42,2024-11-16,2.29718670076726,12,2024-11-16 04:00:00-03:00,2024-11-16 05:50:00-03:00,3,3,3,3,12,0,4,True
46,42,2024-11-17,2.29718670076726,12,2024-11-17 04:00:00-03:00,2024-11-17 05:50:00-03:00,3,3,3,3,12,0,4,True
46,42,2024-11-18,2.29718670076726,12,2024-11-18 04:00:00-03:00,2024-11-18 05:50:00-03:00,3,3,3,3,12,0,4,True
46,42,2024-11-19,2.29718670076726,12,2024-11-19 04:00:00-03:00,2024-11-19 05:50:00-03:00,3,3,3,3,12,0,4,True
46,42,2024-11-20,2.29718670076726,12,2024-11-20 04:00:00-03:00,2024-11-20 05:50:00-03:00,3,3,3,3,12,0,4,True
46,42,2024-11-21,2.29718670076726,12,2024-11-21 04:00:00-03:00,2024-11-21 05:50:00-03:00,3,3,3,3,12,0,4,True
46,42,2024-11-22,2.29718670076726,12,2024-11-22 04:00:00-03:00,2024-11-22 05:50:00-03:00,3,3,3,3,12,0,4,True
46,42,2024-11-23,2.29718670076726,12,2024-11-23 04:00:00-03:00,2024-11-23 05:50:00-03:00,3,3,3,3,12,0,4,True
46,42,2024-11-24,2.29718670076726,12,2024-11-24 04:00:00-03:00,2024-11-24 05:50:00-03:00,3,3,3,3,12,0,4,True
46,42,2024-11-25,2.29718670076726,12,2024-11-25 04:00:00-03:00,2024-11-25 05:50:00-03:00,3,3,3,3,12,0,4,True
46,42,2024-11-26,2.29718670076726,12,2024-11-26 04:00:00-03:00,2024-11-26 05:50:00-03:00,3,3,3,3,12,0,4,True
46,42,2024-11-27,2.29718670076726,12,2024-11-27 04:00:00-03:00,2024-11-27 05:50:00-03:00,3,3,3,3,12,0,4,True
46,42,2024-11-28,2.29718670076726,12,2024-11-28 04:00:00-03:00,2024-11-28 05:50:00-03:00,3,3,3,3,12,0,4,True
46,42,2024-11-29,2.29718670076726,12,2024-11-29 04:00:00-03:00,2024-11-29 05:50:00-03:00,3,3,3,3,12,0,4,True
46,42,2024-11-30,2.29718670076726,12,2024-11-30 04:00:00-03:00,2024-11-30 05:50:00-03:00,3,3,3,3,12,0,4,True
46,42,2024-12-01,2.29718670076726,12,2024-12-01 04:00:00-03:00,2024-12-01 05:50:00-03:00,3,3,3,3,12,0,4,True
46,42,2024-12-02,2.29718670076726,12,2024-12-02 04:00:00-03:00,2024-12-02 05:50:00-03:00,3,3,3,3,12,0,4,True
46,42,2024-12-03,2.29718670076726,12,2024-12-03 04:00:00-03:00,2024-12-03 05:50:00-03:00,3,3,3,3,12,0,4,True
46,42,2024-12-04,2.29718670076726,12,2024-12-04 04:00:00-03:00,2024-12-04 05:50:00-03:00,3,3,3,3,12,0,4,True
46,42,2024-12-05,2.29718670076726,12,2024-12-05 04:00:00-03:00,2024-12-05 05:50:00-03:00,3,3,3,3,12,0,4,True
46,42,2024-12-06,2.29718670076726,12,2024-12-06 04:00:00-03:00,2024-12-06 05:50:00-03:00,3,3,3,3,12,0,4,True
46,189,2025-07-14,2.33401015228426,12,2025-07-14 04:00:00-03:00,2025-07-14 05:50:00-03:00,3,3,3,3,12,0,4,True
46,189,2025-07-15,2.33401015228426,12,2025-07-15 04:00:00-03:00,2025-07-15 05:50:00-03:00,3,3,3,3,12,0,4,True
46,189,2025-07-16,2.33401015228426,12,2025-07-16 04:00:00-03:00,2025-07-16 05:50:00-03:00,3,3,3,3,12,0,4,True
46,189,2025-07-17,2.33401015228426,12,2025-07-17 04:00:00-03:00,2025-07-17 05:50:00-03:00,3,3,3,3,12,0,4,True
46,189,2025-07-18,2.33401015228426,12,2025-07-18 04:00:00-03:00,2025-07-18 05:50:00-03:00,3,3,3,3,12,0,4,True
46,189,2025-07-19,2.33401015228426,12,2025-07-19 04:00:00-03:00,2025-07-19 05:50:00-03:00,3,3,3,3,12,0,4,True
46,189,2025-07-20,2.33401015228426,12,2025-07-20 04:00:00-03:00,2025-07-20 05:50:00-03:00,3,3,3,3,12,0,4,True
46,189,2025-07-21,2.33401015228426,12,2025-07-21 04:00:00-03:00,2025-07-21 05:50:00-03:00,3,3,3,3,12,0,4,True
46,189,2025-07-22,2.33401015228426,12,2025-07-22 04:00:00-03:00,2025-07-22 05:50:00-03:00,3,3,3,3,12,0,4,True
46,189,2025-07-23,2.33401015228426,12,2025-07-23 04:00:00-03:00,2025-07-23 05:50:00-03:00,3,3,3,3,12,0,4,True
46,189,2025-07-24,2.33401015228426,12,2025-07-24 04:00:00-03:00,2025-07-24 05:50:00-03:00,3,3,3,3,12,0,4,True
46,189,2025-07-25,2.33401015228426,12,2025-07-25 04:00:00-03:00,2025-07-25 05:50:00-03:00,3,3,3,3,12,0,4,True
46,189,2025-07-26,2.33401015228426,12,2025-07-26 04:00:00-03:00,2025-07-26 05:50:00-03:00,3,3,3,3,12,0,4,True
46,189,2025-07-27,2.33401015228426,12,2025-07-27 04:00:00-03:00,2025-07-27 05:50:00-03:00,3,3,3,3,12,0,4,True
46,189,2025-07-28,2.33401015228426,12,2025-07-28 04:00:00-03:00,2025-07-28 05:50:00-03:00,3,3,3,3,12,0,4,True
46,189,2025-07-29,2.33401015228426,12,2025-07-29 04:00:00-03:00,2025-07-29 05:50:00-03:00,3,3,3,3,12,0,4,True
46,189,2025-07-30,2.33401015228426,12,2025-07-30 04:00:00-03:00,2025-07-30 05:50:00-03:00,3,3,3,3,12,0,4,True
46,189,2025-07-31,2.33401015228426,12,2025-07-31 04:00:00-03:00,2025-07-31 05:50:00-03:00,3,3,3,3,12,0,4,True
46,189,2025-08-01,2.33401015228426,12,2025-08-01 04:00:00-03:00,2025-08-01 05:50:00-03:00,3,3,3,3,12,0,4,True
46,189,2025-08-02,2.33401015228426,12,2025-08-02 04:00:00-03:00,2025-08-02 05:50:00-03:00,3,3,3,3,12,0,4,True
46,189,2025-08-03,2.33401015228426,12,2025-08-03 04:00:00-03:00,2025-08-03 05:50:00-03:00,3,3,3,3,12,0,4,True
46,189,2025-08-04,2.33401015228426,12,2025-08-04 04:00:00-03:00,2025-08-04 05:50:00-03:00,3,3,3,3,12,0,4,True
46,189,2025-08-05,2.33401015228426,10,2025-08-05 04:00:00-03:00,2025-08-05 05:40:00-03:00,3,2,3,2,10,0,4,True
47,25,2024-11-15,1.8537084398977,12,2024-11-15 04:00:00-03:00,2024-11-15 05:50:00-03:00,3,3,3,3,12,0,4,True
47,25,2024-11-16,1.8537084398977,12,2024-11-16 04:00:00-03:00,2024-11-16 05:50:00-03:00,3,3,3,3,12,0,4,True
47,25,2024-11-17,1.8537084398977,12,2024-11-17 04:00:00-03:00,2024-11-17 05:50:00-03:00,3,3,3,3,12,0,4,True
47,25,2024-11-18,1.8537084398977,12,2024-11-18 04:00:00-03:00,2024-11-18 05:50:00-03:00,3,3,3,3,12,0,4,True
47,25,2024-11-19,1.8537084398977,12,2024-11-19 04:00:00-03:00,2024-11-19 05:50:00-03:00,3,3,3,3,12,0,4,True
47,25,2024-11-20,1.8537084398977,12,2024-11-20 04:00:00-03:00,2024-11-20 05:50:00-03:00,3,3,3,3,12,0,4,True
47,25,2024-11-21,1.8537084398977,12,2024-11-21 04:00:00-03:00,2024-11-21 05:50:00-03:00,3,3,3,3,12,0,4,True
47,25,2024-11-22,1.8537084398977,12,2024-11-22 04:00:00-03:00,2024-11-22 05:50:00-03:00,3,3,3,3,12,0,4,True
47,25,2024-11-23,1.8537084398977,12,2024-11-23 04:00:00-03:00,2024-11-23 05:50:00-03:00,3,3,3,3,12,0,4,True
47,25,2024-11-24,1.8537084398977,12,2024-11-24 04:00:00-03:00,2024-11-24 05:50:00-03:00,3,3,3,3,12,0,4,True
47,25,2024-11-25,1.8537084398977,12,2024-11-25 04:00:00-03:00,2024-11-25 05:50:00-03:00,3,3,3,3,12,0,4,True
47,25,2024-11-26,1.8537084398977,12,2024-11-26 04:00:00-03:00,2024-11-26 05:50:00-03:00,3,3,3,3,12,0,4,True
47,25,2024-11-27,1.8537084398977,12,2024-11-27 04:00:00-03:00,2024-11-27 05:50:00-03:00,3,3,3,3,12,0,4,True
47,25,2024-11-28,1.8537084398977,12,2024-11-28 04:00:00-03:00,2024-11-28 05:50:00-03:00,3,3,3,3,12,0,4,True
47,25,2024-11-29,1.8537084398977,12,2024-11-29 04:00:00-03:00,2024-11-29 05:50:00-03:00,3,3,3,3,12,0,4,True
47,25,2024-11-30,1.8537084398977,11,2024-11-30 04:00:00-03:00,2024-11-30 05:50:00-03:00,3,3,2,3,11,0,4,True
47,25,2024-12-01,1.8537084398977,12,2024-12-01 04:00:00-03:00,2024-12-01 05:50:00-03:00,3,3,3,3,12,0,4,True
47,25,2024-12-02,1.8537084398977,12,2024-12-02 04:00:00-03:00,2024-12-02 05:50:00-03:00,3,3,3,3,12,0,4,True
47,25,2024-12-03,1.8537084398977,12,2024-12-03 04:00:00-03:00,2024-12-03 05:50:00-03:00,3,3,3,3,12,0,4,True
47,25,2024-12-04,1.8537084398977,12,2024-12-04 04:00:00-03:00,2024-12-04 05:50:00-03:00,3,3,3,3,12,0,4,True
47,25,2024-12-05,1.8537084398977,12,2024-12-05 04:00:00-03:00,2024-12-05 05:50:00-03:00,3,3,3,3,12,0,4,True
47,25,2024-12-06,1.8537084398977,12,2024-12-06 04:00:00-03:00,2024-12-06 05:50:00-03:00,3,3,3,3,12,0,4,True
47,190,2025-07-14,1.84112388250319,12,2025-07-14 04:00:00-03:00,2025-07-14 05:50:00-03:00,3,3,3,3,12,0,4,True
47,190,2025-07-15,1.84112388250319,12,2025-07-15 04:00:00-03:00,2025-07-15 05:50:00-03:00,3,3,3,3,12,0,4,True
47,190,2025-07-16,1.84112388250319,12,2025-07-16 04:00:00-03:00,2025-07-16 05:50:00-03:00,3,3,3,3,12,0,4,True
47,190,2025-07-17,1.84112388250319,12,2025-07-17 04:00:00-03:00,2025-07-17 05:50:00-03:00,3,3,3,3,12,0,4,True
47,190,2025-07-18,1.84112388250319,12,2025-07-18 04:00:00-03:00,2025-07-18 05:50:00-03:00,3,3,3,3,12,0,4,True
47,190,2025-07-19,1.84112388250319,12,2025-07-19 04:00:00-03:00,2025-07-19 05:50:00-03:00,3,3,3,3,12,0,4,True
47,190,2025-07-20,1.84112388250319,12,2025-07-20 04:00:00-03:00,2025-07-20 05:50:00-03:00,3,3,3,3,12,0,4,True
47,190,2025-07-21,1.84112388250319,12,2025-07-21 04:00:00-03:00,2025-07-21 05:50:00-03:00,3,3,3,3,12,0,4,True
47,190,2025-07-22,1.84112388250319,12,2025-07-22 04:00:00-03:00,2025-07-22 05:50:00-03:00,3,3,3,3,12,0,4,True
47,190,2025-07-23,1.84112388250319,12,2025-07-23 04:00:00-03:00,2025-07-23 05:50:00-03:00,3,3,3,3,12,0,4,True
47,190,2025-07-24,1.84112388250319,12,2025-07-24 04:00:00-03:00,2025-07-24 05:50:00-03:00,3,3,3,3,12,0,4,True
47,190,2025-07-25,1.84112388250319,12,2025-07-25 04:00:00-03:00,2025-07-25 05:50:00-03:00,3,3,3,3,12,0,4,True
47,190,2025-07-26,1.84112388250319,12,2025-07-26 04:00:00-03:00,2025-07-26 05:50:00-03:00,3,3,3,3,12,0,4,True
47,190,2025-07-27,1.84112388250319,12,2025-07-27 04:00:00-03:00,2025-07-27 05:50:00-03:00,3,3,3,3,12,0,4,True
47,190,2025-07-28,1.84112388250319,12,2025-07-28 04:00:00-03:00,2025-07-28 05:50:00-03:00,3,3,3,3,12,0,4,True
47,190,2025-07-29,1.84112388250319,12,2025-07-29 04:00:00-03:00,2025-07-29 05:50:00-03:00,3,3,3,3,12,0,4,True
47,190,2025-07-30,1.84112388250319,11,2025-07-30 04:10:00-03:00,2025-07-30 05:50:00-03:00,2,3,3,3,11,0,4,True
47,190,2025-07-31,1.84112388250319,12,2025-07-31 04:00:00-03:00,2025-07-31 05:50:00-03:00,3,3,3,3,12,0,4,True
47,190,2025-08-01,1.84112388250319,12,2025-08-01 04:00:00-03:00,2025-08-01 05:50:00-03:00,3,3,3,3,12,0,4,True
47,190,2025-08-02,1.84112388250319,12,2025-08-02 04:00:00-03:00,2025-08-02 05:50:00-03:00,3,3,3,3,12,0,4,True
47,190,2025-08-03,1.84112388250319,12,2025-08-03 04:00:00-03:00,2025-08-03 05:50:00-03:00,3,3,3,3,12,0,4,True
47,190,2025-08-04,1.84112388250319,12,2025-08-04 04:00:00-03:00,2025-08-04 05:50:00-03:00,3,3,3,3,12,0,4,True
47,190,2025-08-05,1.84112388250319,12,2025-08-05 04:00:00-03:00,2025-08-05 05:50:00-03:00,3,3,3,3,12,0,4,True
47,190,2025-08-06,1.84112388250319,12,2025-08-06 04:00:00-03:00,2025-08-06 05:50:00-03:00,3,3,3,3,12,0,4,True
47,190,2025-08-07,1.84112388250319,11,2025-08-07 04:00:00-03:00,2025-08-07 05:50:00-03:00,3,3,2,3,11,0,4,True
48,46,2024-11-15,4.42199488491049,12,2024-11-15 04:00:00-03:00,2024-11-15 05:50:00-03:00,3,3,3,3,12,0,4,True
48,46,2024-11-16,4.42199488491049,12,2024-11-16 04:00:00-03:00,2024-11-16 05:50:00-03:00,3,3,3,3,12,0,4,True
48,46,2024-11-17,4.42199488491049,12,2024-11-17 04:00:00-03:00,2024-11-17 05:50:00-03:00,3,3,3,3,12,0,4,True
48,46,2024-11-18,4.42199488491049,12,2024-11-18 04:00:00-03:00,2024-11-18 05:50:00-03:00,3,3,3,3,12,0,4,True
48,46,2024-11-19,4.42199488491049,12,2024-11-19 04:00:00-03:00,2024-11-19 05:50:00-03:00,3,3,3,3,12,0,4,True
48,46,2024-11-20,4.42199488491049,12,2024-11-20 04:00:00-03:00,2024-11-20 05:50:00-03:00,3,3,3,3,12,0,4,True
48,46,2024-11-21,4.42199488491049,12,2024-11-21 04:00:00-03:00,2024-11-21 05:50:00-03:00,3,3,3,3,12,0,4,True
48,46,2024-11-22,4.42199488491049,12,2024-11-22 04:00:00-03:00,2024-11-22 05:50:00-03:00,3,3,3,3,12,0,4,True
48,46,2024-11-23,4.42199488491049,12,2024-11-23 04:00:00-03:00,2024-11-23 05:50:00-03:00,3,3,3,3,12,0,4,True
48,169,2025-05-27,4.4079283887468,12,2025-05-27 04:00:00-03:00,2025-05-27 05:50:00-03:00,3,3,3,3,12,0,4,True
48,192,2025-07-14,4.3542199488491,12,2025-07-14 04:00:00-03:00,2025-07-14 05:50:00-03:00,3,3,3,3,12,0,4,True
48,192,2025-07-15,4.3542199488491,12,2025-07-15 04:00:00-03:00,2025-07-15 05:50:00-03:00,3,3,3,3,12,0,4,True
48,192,2025-07-16,4.3542199488491,12,2025-07-16 04:00:00-03:00,2025-07-16 05:50:00-03:00,3,3,3,3,12,0,4,True
48,192,2025-07-17,4.3542199488491,12,2025-07-17 04:00:00-03:00,2025-07-17 05:50:00-03:00,3,3,3,3,12,0,4,True
48,192,2025-07-18,4.3542199488491,12,2025-07-18 04:00:00-03:00,2025-07-18 05:50:00-03:00,3,3,3,3,12,0,4,True
48,192,2025-07-19,4.3542199488491,12,2025-07-19 04:00:00-03:00,2025-07-19 05:50:00-03:00,3,3,3,3,12,0,4,True
48,192,2025-07-20,4.3542199488491,12,2025-07-20 04:00:00-03:00,2025-07-20 05:50:00-03:00,3,3,3,3,12,0,4,True
48,192,2025-07-21,4.3542199488491,12,2025-07-21 04:00:00-03:00,2025-07-21 05:50:00-03:00,3,3,3,3,12,0,4,True
48,192,2025-07-22,4.3542199488491,12,2025-07-22 04:00:00-03:00,2025-07-22 05:50:00-03:00,3,3,3,3,12,0,4,True
48,192,2025-07-23,4.3542199488491,12,2025-07-23 04:00:00-03:00,2025-07-23 05:50:00-03:00,3,3,3,3,12,0,4,True
48,192,2025-07-24,4.3542199488491,12,2025-07-24 04:00:00-03:00,2025-07-24 05:50:00-03:00,3,3,3,3,12,0,4,True
48,192,2025-07-25,4.3542199488491,12,2025-07-25 04:00:00-03:00,2025-07-25 05:50:00-03:00,3,3,3,3,12,0,4,True
48,192,2025-07-26,4.3542199488491,12,2025-07-26 04:00:00-03:00,2025-07-26 05:50:00-03:00,3,3,3,3,12,0,4,True
48,192,2025-07-27,4.3542199488491,12,2025-07-27 04:00:00-03:00,2025-07-27 05:50:00-03:00,3,3,3,3,12,0,4,True
48,192,2025-07-28,4.3542199488491,12,2025-07-28 04:00:00-03:00,2025-07-28 05:50:00-03:00,3,3,3,3,12,0,4,True
48,192,2025-07-29,4.3542199488491,12,2025-07-29 04:00:00-03:00,2025-07-29 05:50:00-03:00,3,3,3,3,12,0,4,True
48,192,2025-07-30,4.3542199488491,12,2025-07-30 04:00:00-03:00,2025-07-30 05:50:00-03:00,3,3,3,3,12,0,4,True
48,192,2025-07-31,4.3542199488491,12,2025-07-31 04:00:00-03:00,2025-07-31 05:50:00-03:00,3,3,3,3,12,0,4,True
48,192,2025-08-01,4.3542199488491,12,2025-08-01 04:00:00-03:00,2025-08-01 05:50:00-03:00,3,3,3,3,12,0,4,True
48,192,2025-08-02,4.3542199488491,12,2025-08-02 04:00:00-03:00,2025-08-02 05:50:00-03:00,3,3,3,3,12,0,4,True
48,192,2025-08-03,4.3542199488491,12,2025-08-03 04:00:00-03:00,2025-08-03 05:50:00-03:00,3,3,3,3,12,0,4,True
48,192,2025-08-04,4.3542199488491,12,2025-08-04 04:00:00-03:00,2025-08-04 05:50:00-03:00,3,3,3,3,12,0,4,True
48,192,2025-08-05,4.3542199488491,12,2025-08-05 04:00:00-03:00,2025-08-05 05:50:00-03:00,3,3,3,3,12,0,4,True
48,192,2025-08-06,4.3542199488491,12,2025-08-06 04:00:00-03:00,2025-08-06 05:50:00-03:00,3,3,3,3,12,0,4,True
48,192,2025-08-07,4.3542199488491,12,2025-08-07 04:00:00-03:00,2025-08-07 05:50:00-03:00,3,3,3,3,12,0,4,True
49,51,2024-11-15,3.18571428571429,12,2024-11-15 04:00:00-03:00,2024-11-15 05:50:00-03:00,3,3,3,3,12,0,4,True
49,51,2024-11-16,3.18571428571429,12,2024-11-16 04:00:00-03:00,2024-11-16 05:50:00-03:00,3,3,3,3,12,0,4,True
49,51,2024-11-17,3.18571428571429,12,2024-11-17 04:00:00-03:00,2024-11-17 05:50:00-03:00,3,3,3,3,12,0,4,True
49,51,2024-11-18,3.18571428571429,12,2024-11-18 04:00:00-03:00,2024-11-18 05:50:00-03:00,3,3,3,3,12,0,4,True
49,51,2024-11-19,3.18571428571429,12,2024-11-19 04:00:00-03:00,2024-11-19 05:50:00-03:00,3,3,3,3,12,0,4,True
49,51,2024-11-20,3.18571428571429,12,2024-11-20 04:00:00-03:00,2024-11-20 05:50:00-03:00,3,3,3,3,12,0,4,True
49,51,2024-11-21,3.18571428571429,12,2024-11-21 04:00:00-03:00,2024-11-21 05:50:00-03:00,3,3,3,3,12,0,4,True
49,51,2024-11-22,3.18571428571429,12,2024-11-22 04:00:00-03:00,2024-11-22 05:50:00-03:00,3,3,3,3,12,0,4,True
49,51,2024-11-23,3.18571428571429,12,2024-11-23 04:00:00-03:00,2024-11-23 05:50:00-03:00,3,3,3,3,12,0,4,True
49,51,2024-11-24,3.18571428571429,12,2024-11-24 04:00:00-03:00,2024-11-24 05:50:00-03:00,3,3,3,3,12,0,4,True
49,51,2024-11-25,3.18571428571429,12,2024-11-25 04:00:00-03:00,2024-11-25 05:50:00-03:00,3,3,3,3,12,0,4,True
49,51,2024-11-26,3.18571428571429,12,2024-11-26 04:00:00-03:00,2024-11-26 05:50:00-03:00,3,3,3,3,12,0,4,True
49,51,2024-11-27,3.18571428571429,12,2024-11-27 04:00:00-03:00,2024-11-27 05:50:00-03:00,3,3,3,3,12,0,4,True
49,51,2024-11-28,3.18571428571429,12,2024-11-28 04:00:00-03:00,2024-11-28 05:50:00-03:00,3,3,3,3,12,0,4,True
49,51,2024-11-29,3.18571428571429,12,2024-11-29 04:00:00-03:00,2024-11-29 05:50:00-03:00,3,3,3,3,12,0,4,True
49,51,2024-11-30,3.18571428571429,12,2024-11-30 04:00:00-03:00,2024-11-30 05:50:00-03:00,3,3,3,3,12,0,4,True
49,51,2024-12-01,3.18571428571429,12,2024-12-01 04:00:00-03:00,2024-12-01 05:50:00-03:00,3,3,3,3,12,0,4,True
49,51,2024-12-02,3.18571428571429,12,2024-12-02 04:00:00-03:00,2024-12-02 05:50:00-03:00,3,3,3,3,12,0,4,True
49,51,2024-12-03,3.18571428571429,12,2024-12-03 04:00:00-03:00,2024-12-03 05:50:00-03:00,3,3,3,3,12,0,4,True
49,51,2024-12-04,3.18571428571429,12,2024-12-04 04:00:00-03:00,2024-12-04 05:50:00-03:00,3,3,3,3,12,0,4,True
49,167,2025-05-27,3.06042983565107,12,2025-05-27 04:00:00-03:00,2025-05-27 05:50:00-03:00,3,3,3,3,12,0,4,True
49,167,2025-05-28,3.06042983565107,12,2025-05-28 04:00:00-03:00,2025-05-28 05:50:00-03:00,3,3,3,3,12,0,4,True
49,167,2025-05-29,3.06042983565107,12,2025-05-29 04:00:00-03:00,2025-05-29 05:50:00-03:00,3,3,3,3,12,0,4,True
50,69,2024-11-15,2.83341772151899,12,2024-11-15 04:00:00-03:00,2024-11-15 05:50:00-03:00,3,3,3,3,12,0,4,True
50,69,2024-11-16,2.83341772151899,12,2024-11-16 04:00:00-03:00,2024-11-16 05:50:00-03:00,3,3,3,3,12,0,4,True
50,69,2024-11-17,2.83341772151899,12,2024-11-17 04:00:00-03:00,2024-11-17 05:50:00-03:00,3,3,3,3,12,0,4,True
50,69,2024-11-18,2.83341772151899,8,2024-11-18 04:00:00-03:00,2024-11-18 05:50:00-03:00,2,2,2,2,8,0,4,True
51,35,2024-11-15,1.95357142857143,12,2024-11-15 04:00:00-03:00,2024-11-15 05:50:00-03:00,3,3,3,3,12,0,4,True
51,35,2024-11-16,1.95357142857143,12,2024-11-16 04:00:00-03:00,2024-11-16 05:50:00-03:00,3,3,3,3,12,0,4,True
51,35,2024-11-17,1.95357142857143,12,2024-11-17 04:00:00-03:00,2024-11-17 05:50:00-03:00,3,3,3,3,12,0,4,True
51,35,2024-11-18,1.95357142857143,12,2024-11-18 04:00:00-03:00,2024-11-18 05:50:00-03:00,3,3,3,3,12,0,4,True
51,35,2024-11-19,1.95357142857143,12,2024-11-19 04:00:00-03:00,2024-11-19 05:50:00-03:00,3,3,3,3,12,0,4,True
51,35,2024-11-20,1.95357142857143,12,2024-11-20 04:00:00-03:00,2024-11-20 05:50:00-03:00,3,3,3,3,12,0,4,True
51,35,2024-11-21,1.95357142857143,12,2024-11-21 04:00:00-03:00,2024-11-21 05:50:00-03:00,3,3,3,3,12,0,4,True
51,35,2024-11-22,1.95357142857143,12,2024-11-22 04:00:00-03:00,2024-11-22 05:50:00-03:00,3,3,3,3,12,0,4,True
51,35,2024-11-23,1.95357142857143,12,2024-11-23 04:00:00-03:00,2024-11-23 05:50:00-03:00,3,3,3,3,12,0,4,True
51,35,2024-11-24,1.95357142857143,12,2024-11-24 04:00:00-03:00,2024-11-24 05:50:00-03:00,3,3,3,3,12,0,4,True
51,35,2024-11-25,1.95357142857143,12,2024-11-25 04:00:00-03:00,2024-11-25 05:50:00-03:00,3,3,3,3,12,0,4,True
51,35,2024-11-26,1.95357142857143,12,2024-11-26 04:00:00-03:00,2024-11-26 05:50:00-03:00,3,3,3,3,12,0,4,True
51,35,2024-11-27,1.95357142857143,12,2024-11-27 04:00:00-03:00,2024-11-27 05:50:00-03:00,3,3,3,3,12,0,4,True
51,35,2024-11-28,1.95357142857143,12,2024-11-28 04:00:00-03:00,2024-11-28 05:50:00-03:00,3,3,3,3,12,0,4,True
51,35,2024-11-29,1.95357142857143,12,2024-11-29 04:00:00-03:00,2024-11-29 05:50:00-03:00,3,3,3,3,12,0,4,True
51,35,2024-11-30,1.95357142857143,12,2024-11-30 04:00:00-03:00,2024-11-30 05:50:00-03:00,3,3,3,3,12,0,4,True
51,35,2024-12-01,1.95357142857143,12,2024-12-01 04:00:00-03:00,2024-12-01 05:50:00-03:00,3,3,3,3,12,0,4,True
51,35,2024-12-02,1.95357142857143,12,2024-12-02 04:00:00-03:00,2024-12-02 05:50:00-03:00,3,3,3,3,12,0,4,True
51,35,2024-12-03,1.95357142857143,12,2024-12-03 04:00:00-03:00,2024-12-03 05:50:00-03:00,3,3,3,3,12,0,4,True
51,35,2024-12-04,1.95357142857143,12,2024-12-04 04:00:00-03:00,2024-12-04 05:50:00-03:00,3,3,3,3,12,0,4,True
51,168,2025-05-27,2.06803069053708,12,2025-05-27 04:00:00-03:00,2025-05-27 05:50:00-03:00,3,3,3,3,12,0,4,True
51,168,2025-05-28,2.06803069053708,12,2025-05-28 04:00:00-03:00,2025-05-28 05:50:00-03:00,3,3,3,3,12,0,4,True
51,168,2025-05-29,2.06803069053708,12,2025-05-29 04:00:00-03:00,2025-05-29 05:50:00-03:00,3,3,3,3,12,0,4,True
51,168,2025-05-30,2.06803069053708,12,2025-05-30 04:00:00-03:00,2025-05-30 05:50:00-03:00,3,3,3,3,12,0,4,True
51,168,2025-05-31,2.06803069053708,12,2025-05-31 04:00:00-03:00,2025-05-31 05:50:00-03:00,3,3,3,3,12,0,4,True
51,168,2025-06-01,2.06803069053708,12,2025-06-01 04:00:00-03:00,2025-06-01 05:50:00-03:00,3,3,3,3,12,0,4,True
51,168,2025-06-02,2.06803069053708,12,2025-06-02 04:00:00-03:00,2025-06-02 05:50:00-03:00,3,3,3,3,12,0,4,True
51,168,2025-06-03,2.06803069053708,12,2025-06-03 04:00:00-03:00,2025-06-03 05:50:00-03:00,3,3,3,3,12,0,4,True
51,168,2025-06-04,2.06803069053708,12,2025-06-04 04:00:00-03:00,2025-06-04 05:50:00-03:00,3,3,3,3,12,0,4,True
51,168,2025-06-05,2.06803069053708,12,2025-06-05 04:00:00-03:00,2025-06-05 05:50:00-03:00,3,3,3,3,12,0,4,True
51,168,2025-06-06,2.06803069053708,12,2025-06-06 04:00:00-03:00,2025-06-06 05:50:00-03:00,3,3,3,3,12,0,4,True
51,168,2025-06-07,2.06803069053708,12,2025-06-07 04:00:00-03:00,2025-06-07 05:50:00-03:00,3,3,3,3,12,0,4,True
51,168,2025-06-08,2.06803069053708,12,2025-06-08 04:00:00-03:00,2025-06-08 05:50:00-03:00,3,3,3,3,12,0,4,True
51,168,2025-06-09,2.06803069053708,12,2025-06-09 04:00:00-03:00,2025-06-09 05:50:00-03:00,3,3,3,3,12,0,4,True
51,168,2025-06-10,2.06803069053708,12,2025-06-10 04:00:00-03:00,2025-06-10 05:50:00-03:00,3,3,3,3,12,0,4,True
51,168,2025-06-11,2.06803069053708,12,2025-06-11 04:00:00-03:00,2025-06-11 05:50:00-03:00,3,3,3,3,12,0,4,True
51,168,2025-06-12,2.06803069053708,12,2025-06-12 04:00:00-03:00,2025-06-12 05:50:00-03:00,3,3,3,3,12,0,4,True
51,168,2025-06-13,2.06803069053708,12,2025-06-13 04:00:00-03:00,2025-06-13 05:50:00-03:00,3,3,3,3,12,0,4,True
51,168,2025-06-14,2.06803069053708,12,2025-06-14 04:00:00-03:00,2025-06-14 05:50:00-03:00,3,3,3,3,12,0,4,True
51,168,2025-06-15,2.06803069053708,12,2025-06-15 04:00:00-03:00,2025-06-15 05:50:00-03:00,3,3,3,3,12,0,4,True
51,168,2025-06-16,2.06803069053708,12,2025-06-16 04:00:00-03:00,2025-06-16 05:50:00-03:00,3,3,3,3,12,0,4,True
51,168,2025-06-17,2.06803069053708,12,2025-06-17 04:00:00-03:00,2025-06-17 05:50:00-03:00,3,3,3,3,12,0,4,True
52,39,2024-12-06,2.89553001277139,12,2024-12-06 04:00:00-03:00,2024-12-06 05:50:00-03:00,3,3,3,3,12,0,4,True
52,39,2024-12-07,2.89553001277139,12,2024-12-07 04:00:00-03:00,2024-12-07 05:50:00-03:00,3,3,3,3,12,0,4,True
52,39,2024-12-08,2.89553001277139,12,2024-12-08 04:00:00-03:00,2024-12-08 05:50:00-03:00,3,3,3,3,12,0,4,True
52,39,2024-12-09,2.89553001277139,12,2024-12-09 04:00:00-03:00,2024-12-09 05:50:00-03:00,3,3,3,3,12,0,4,True
52,39,2024-12-10,2.89553001277139,12,2024-12-10 04:00:00-03:00,2024-12-10 05:50:00-03:00,3,3,3,3,12,0,4,True
52,39,2024-12-11,2.89553001277139,12,2024-12-11 04:00:00-03:00,2024-12-11 05:50:00-03:00,3,3,3,3,12,0,4,True
52,39,2024-12-12,2.89553001277139,12,2024-12-12 04:00:00-03:00,2024-12-12 05:50:00-03:00,3,3,3,3,12,0,4,True
52,39,2024-12-13,2.89553001277139,12,2024-12-13 04:00:00-03:00,2024-12-13 05:50:00-03:00,3,3,3,3,12,0,4,True
52,39,2024-12-14,2.89553001277139,12,2024-12-14 04:00:00-03:00,2024-12-14 05:50:00-03:00,3,3,3,3,12,0,4,True
52,39,2024-12-15,2.89553001277139,12,2024-12-15 04:00:00-03:00,2024-12-15 05:50:00-03:00,3,3,3,3,12,0,4,True
52,39,2024-12-16,2.89553001277139,12,2024-12-16 04:00:00-03:00,2024-12-16 05:50:00-03:00,3,3,3,3,12,0,4,True
52,39,2024-12-17,2.89553001277139,12,2024-12-17 04:00:00-03:00,2024-12-17 05:50:00-03:00,3,3,3,3,12,0,4,True
52,39,2024-12-18,2.89553001277139,12,2024-12-18 04:00:00-03:00,2024-12-18 05:50:00-03:00,3,3,3,3,12,0,4,True
52,39,2024-12-19,2.89553001277139,12,2024-12-19 04:00:00-03:00,2024-12-19 05:50:00-03:00,3,3,3,3,12,0,4,True
52,39,2024-12-20,2.89553001277139,12,2024-12-20 04:00:00-03:00,2024-12-20 05:50:00-03:00,3,3,3,3,12,0,4,True
52,39,2024-12-21,2.89553001277139,12,2024-12-21 04:00:00-03:00,2024-12-21 05:50:00-03:00,3,3,3,3,12,0,4,True
52,39,2024-12-22,2.89553001277139,12,2024-12-22 04:00:00-03:00,2024-12-22 05:50:00-03:00,3,3,3,3,12,0,4,True
52,39,2024-12-23,2.89553001277139,12,2024-12-23 04:00:00-03:00,2024-12-23 05:50:00-03:00,3,3,3,3,12,0,4,True
52,39,2024-12-24,2.89553001277139,12,2024-12-24 04:00:00-03:00,2024-12-24 05:50:00-03:00,3,3,3,3,12,0,4,True
52,39,2024-12-25,2.89553001277139,12,2024-12-25 04:00:00-03:00,2024-12-25 05:50:00-03:00,3,3,3,3,12,0,4,True
52,39,2024-12-26,2.89553001277139,12,2024-12-26 04:00:00-03:00,2024-12-26 05:50:00-03:00,3,3,3,3,12,0,4,True
52,39,2024-12-27,2.89553001277139,12,2024-12-27 04:00:00-03:00,2024-12-27 05:50:00-03:00,3,3,3,3,12,0,4,True
52,183,2025-06-23,2.93997445721584,12,2025-06-23 04:00:00-03:00,2025-06-23 05:50:00-03:00,3,3,3,3,12,0,4,True
52,183,2025-06-24,2.93997445721584,12,2025-06-24 04:00:00-03:00,2025-06-24 05:50:00-03:00,3,3,3,3,12,0,4,True
52,183,2025-06-25,2.93997445721584,12,2025-06-25 04:00:00-03:00,2025-06-25 05:50:00-03:00,3,3,3,3,12,0,4,True
52,183,2025-06-26,2.93997445721584,12,2025-06-26 04:00:00-03:00,2025-06-26 05:50:00-03:00,3,3,3,3,12,0,4,True
52,183,2025-06-27,2.93997445721584,12,2025-06-27 04:00:00-03:00,2025-06-27 05:50:00-03:00,3,3,3,3,12,0,4,True
52,183,2025-06-28,2.93997445721584,12,2025-06-28 04:00:00-03:00,2025-06-28 05:50:00-03:00,3,3,3,3,12,0,4,True
52,183,2025-06-29,2.93997445721584,12,2025-06-29 04:00:00-03:00,2025-06-29 05:50:00-03:00,3,3,3,3,12,0,4,True
52,183,2025-06-30,2.93997445721584,12,2025-06-30 04:00:00-03:00,2025-06-30 05:50:00-03:00,3,3,3,3,12,0,4,True
52,183,2025-07-01,2.93997445721584,12,2025-07-01 04:00:00-03:00,2025-07-01 05:50:00-03:00,3,3,3,3,12,0,4,True
52,183,2025-07-02,2.93997445721584,12,2025-07-02 04:00:00-03:00,2025-07-02 05:50:00-03:00,3,3,3,3,12,0,4,True
52,183,2025-07-03,2.93997445721584,12,2025-07-03 04:00:00-03:00,2025-07-03 05:50:00-03:00,3,3,3,3,12,0,4,True
52,183,2025-07-04,2.93997445721584,12,2025-07-04 04:00:00-03:00,2025-07-04 05:50:00-03:00,3,3,3,3,12,0,4,True
52,183,2025-07-05,2.93997445721584,12,2025-07-05 04:00:00-03:00,2025-07-05 05:50:00-03:00,3,3,3,3,12,0,4,True
52,183,2025-07-06,2.93997445721584,12,2025-07-06 04:00:00-03:00,2025-07-06 05:50:00-03:00,3,3,3,3,12,0,4,True
52,183,2025-07-07,2.93997445721584,12,2025-07-07 04:00:00-03:00,2025-07-07 05:50:00-03:00,3,3,3,3,12,0,4,True
52,183,2025-07-08,2.93997445721584,12,2025-07-08 04:00:00-03:00,2025-07-08 05:50:00-03:00,3,3,3,3,12,0,4,True
52,183,2025-07-09,2.93997445721584,12,2025-07-09 04:00:00-03:00,2025-07-09 05:50:00-03:00,3,3,3,3,12,0,4,True
52,183,2025-07-10,2.93997445721584,12,2025-07-10 04:00:00-03:00,2025-07-10 05:50:00-03:00,3,3,3,3,12,0,4,True
52,183,2025-07-11,2.93997445721584,12,2025-07-11 04:00:00-03:00,2025-07-11 05:50:00-03:00,3,3,3,3,12,0,4,True
52,183,2025-07-12,2.93997445721584,12,2025-07-12 04:00:00-03:00,2025-07-12 05:50:00-03:00,3,3,3,3,12,0,4,True
53,19,2024-12-06,2.70050505050505,12,2024-12-06 04:00:00-03:00,2024-12-06 05:50:00-03:00,3,3,3,3,12,0,4,True
53,19,2024-12-07,2.70050505050505,12,2024-12-07 04:00:00-03:00,2024-12-07 05:50:00-03:00,3,3,3,3,12,0,4,True
53,19,2024-12-08,2.70050505050505,12,2024-12-08 04:00:00-03:00,2024-12-08 05:50:00-03:00,3,3,3,3,12,0,4,True
53,19,2024-12-09,2.70050505050505,12,2024-12-09 04:00:00-03:00,2024-12-09 05:50:00-03:00,3,3,3,3,12,0,4,True
53,19,2024-12-10,2.70050505050505,12,2024-12-10 04:00:00-03:00,2024-12-10 05:50:00-03:00,3,3,3,3,12,0,4,True
53,19,2024-12-11,2.70050505050505,12,2024-12-11 04:00:00-03:00,2024-12-11 05:50:00-03:00,3,3,3,3,12,0,4,True
53,19,2024-12-12,2.70050505050505,12,2024-12-12 04:00:00-03:00,2024-12-12 05:50:00-03:00,3,3,3,3,12,0,4,True
53,19,2024-12-13,2.70050505050505,12,2024-12-13 04:00:00-03:00,2024-12-13 05:50:00-03:00,3,3,3,3,12,0,4,True
53,19,2024-12-14,2.70050505050505,12,2024-12-14 04:00:00-03:00,2024-12-14 05:50:00-03:00,3,3,3,3,12,0,4,True
53,19,2024-12-15,2.70050505050505,12,2024-12-15 04:00:00-03:00,2024-12-15 05:50:00-03:00,3,3,3,3,12,0,4,True
53,19,2024-12-16,2.70050505050505,12,2024-12-16 04:00:00-03:00,2024-12-16 05:50:00-03:00,3,3,3,3,12,0,4,True
53,19,2024-12-17,2.70050505050505,12,2024-12-17 04:00:00-03:00,2024-12-17 05:50:00-03:00,3,3,3,3,12,0,4,True
53,19,2024-12-18,2.70050505050505,12,2024-12-18 04:00:00-03:00,2024-12-18 05:50:00-03:00,3,3,3,3,12,0,4,True
53,19,2024-12-19,2.70050505050505,12,2024-12-19 04:00:00-03:00,2024-12-19 05:50:00-03:00,3,3,3,3,12,0,4,True
53,19,2024-12-20,2.70050505050505,12,2024-12-20 04:00:00-03:00,2024-12-20 05:50:00-03:00,3,3,3,3,12,0,4,True
53,19,2024-12-21,2.70050505050505,12,2024-12-21 04:00:00-03:00,2024-12-21 05:50:00-03:00,3,3,3,3,12,0,4,True
53,19,2024-12-22,2.70050505050505,12,2024-12-22 04:00:00-03:00,2024-12-22 05:50:00-03:00,3,3,3,3,12,0,4,True
53,19,2024-12-23,2.70050505050505,12,2024-12-23 04:00:00-03:00,2024-12-23 05:50:00-03:00,3,3,3,3,12,0,4,True
53,19,2024-12-24,2.70050505050505,12,2024-12-24 04:00:00-03:00,2024-12-24 05:50:00-03:00,3,3,3,3,12,0,4,True
53,19,2024-12-25,2.70050505050505,12,2024-12-25 04:00:00-03:00,2024-12-25 05:50:00-03:00,3,3,3,3,12,0,4,True
53,19,2024-12-26,2.70050505050505,12,2024-12-26 04:00:00-03:00,2024-12-26 05:50:00-03:00,3,3,3,3,12,0,4,True
53,19,2024-12-27,2.70050505050505,12,2024-12-27 04:00:00-03:00,2024-12-27 05:50:00-03:00,3,3,3,3,12,0,4,True
53,184,2025-06-23,2.675,12,2025-06-23 04:00:00-03:00,2025-06-23 05:50:00-03:00,3,3,3,3,12,0,4,True
53,184,2025-06-24,2.675,12,2025-06-24 04:00:00-03:00,2025-06-24 05:50:00-03:00,3,3,3,3,12,0,4,True
53,184,2025-06-25,2.675,12,2025-06-25 04:00:00-03:00,2025-06-25 05:50:00-03:00,3,3,3,3,12,0,4,True
53,184,2025-06-26,2.675,12,2025-06-26 04:00:00-03:00,2025-06-26 05:50:00-03:00,3,3,3,3,12,0,4,True
53,184,2025-06-27,2.675,12,2025-06-27 04:00:00-03:00,2025-06-27 05:50:00-03:00,3,3,3,3,12,0,4,True
53,184,2025-06-28,2.675,12,2025-06-28 04:00:00-03:00,2025-06-28 05:50:00-03:00,3,3,3,3,12,0,4,True
53,184,2025-06-29,2.675,12,2025-06-29 04:00:00-03:00,2025-06-29 05:50:00-03:00,3,3,3,3,12,0,4,True
53,184,2025-06-30,2.675,12,2025-06-30 04:00:00-03:00,2025-06-30 05:50:00-03:00,3,3,3,3,12,0,4,True
53,184,2025-07-01,2.675,12,2025-07-01 04:00:00-03:00,2025-07-01 05:50:00-03:00,3,3,3,3,12,0,4,True
53,184,2025-07-02,2.675,12,2025-07-02 04:00:00-03:00,2025-07-02 05:50:00-03:00,3,3,3,3,12,0,4,True
53,184,2025-07-03,2.675,12,2025-07-03 04:00:00-03:00,2025-07-03 05:50:00-03:00,3,3,3,3,12,0,4,True
53,184,2025-07-04,2.675,12,2025-07-04 04:00:00-03:00,2025-07-04 05:50:00-03:00,3,3,3,3,12,0,4,True
53,184,2025-07-05,2.675,12,2025-07-05 04:00:00-03:00,2025-07-05 05:50:00-03:00,3,3,3,3,12,0,4,True
53,184,2025-07-06,2.675,12,2025-07-06 04:00:00-03:00,2025-07-06 05:50:00-03:00,3,3,3,3,12,0,4,True
53,184,2025-07-07,2.675,12,2025-07-07 04:00:00-03:00,2025-07-07 05:50:00-03:00,3,3,3,3,12,0,4,True
53,184,2025-07-08,2.675,12,2025-07-08 04:00:00-03:00,2025-07-08 05:50:00-03:00,3,3,3,3,12,0,4,True
53,184,2025-07-09,2.675,12,2025-07-09 04:00:00-03:00,2025-07-09 05:50:00-03:00,3,3,3,3,12,0,4,True
53,184,2025-07-10,2.675,12,2025-07-10 04:00:00-03:00,2025-07-10 05:50:00-03:00,3,3,3,3,12,0,4,True
53,184,2025-07-11,2.675,12,2025-07-11 04:00:00-03:00,2025-07-11 05:50:00-03:00,3,3,3,3,12,0,4,True
53,184,2025-07-12,2.675,12,2025-07-12 04:00:00-03:00,2025-07-12 05:50:00-03:00,3,3,3,3,12,0,4,True
54,55,2024-12-06,2.89355246523388,12,2024-12-06 04:00:00-03:00,2024-12-06 05:50:00-03:00,3,3,3,3,12,0,4,True
54,55,2024-12-07,2.89355246523388,12,2024-12-07 04:00:00-03:00,2024-12-07 05:50:00-03:00,3,3,3,3,12,0,4,True
54,55,2024-12-08,2.89355246523388,12,2024-12-08 04:00:00-03:00,2024-12-08 05:50:00-03:00,3,3,3,3,12,0,4,True
54,55,2024-12-09,2.89355246523388,12,2024-12-09 04:00:00-03:00,2024-12-09 05:50:00-03:00,3,3,3,3,12,0,4,True
54,55,2024-12-10,2.89355246523388,12,2024-12-10 04:00:00-03:00,2024-12-10 05:50:00-03:00,3,3,3,3,12,0,4,True
54,55,2024-12-11,2.89355246523388,12,2024-12-11 04:00:00-03:00,2024-12-11 05:50:00-03:00,3,3,3,3,12,0,4,True
54,55,2024-12-12,2.89355246523388,12,2024-12-12 04:00:00-03:00,2024-12-12 05:50:00-03:00,3,3,3,3,12,0,4,True
54,55,2024-12-13,2.89355246523388,10,2024-12-13 04:00:00-03:00,2024-12-13 05:50:00-03:00,3,2,2,3,10,0,4,True
54,185,2025-06-23,2.89731113956466,12,2025-06-23 04:00:00-03:00,2025-06-23 05:50:00-03:00,3,3,3,3,12,0,4,True
54,185,2025-06-24,2.89731113956466,12,2025-06-24 04:00:00-03:00,2025-06-24 05:50:00-03:00,3,3,3,3,12,0,4,True
54,185,2025-06-25,2.89731113956466,12,2025-06-25 04:00:00-03:00,2025-06-25 05:50:00-03:00,3,3,3,3,12,0,4,True
54,185,2025-06-26,2.89731113956466,12,2025-06-26 04:00:00-03:00,2025-06-26 05:50:00-03:00,3,3,3,3,12,0,4,True
54,185,2025-06-27,2.89731113956466,12,2025-06-27 04:00:00-03:00,2025-06-27 05:50:00-03:00,3,3,3,3,12,0,4,True
54,185,2025-06-28,2.89731113956466,12,2025-06-28 04:00:00-03:00,2025-06-28 05:50:00-03:00,3,3,3,3,12,0,4,True
54,185,2025-06-29,2.89731113956466,12,2025-06-29 04:00:00-03:00,2025-06-29 05:50:00-03:00,3,3,3,3,12,0,4,True
54,185,2025-06-30,2.89731113956466,12,2025-06-30 04:00:00-03:00,2025-06-30 05:50:00-03:00,3,3,3,3,12,0,4,True
54,185,2025-07-01,2.89731113956466,12,2025-07-01 04:00:00-03:00,2025-07-01 05:50:00-03:00,3,3,3,3,12,0,4,True
54,185,2025-07-02,2.89731113956466,12,2025-07-02 04:00:00-03:00,2025-07-02 05:50:00-03:00,3,3,3,3,12,0,4,True
54,185,2025-07-03,2.89731113956466,12,2025-07-03 04:00:00-03:00,2025-07-03 05:50:00-03:00,3,3,3,3,12,0,4,True
54,185,2025-07-04,2.89731113956466,12,2025-07-04 04:00:00-03:00,2025-07-04 05:50:00-03:00,3,3,3,3,12,0,4,True
54,185,2025-07-05,2.89731113956466,12,2025-07-05 04:00:00-03:00,2025-07-05 05:50:00-03:00,3,3,3,3,12,0,4,True
54,185,2025-07-06,2.89731113956466,12,2025-07-06 04:00:00-03:00,2025-07-06 05:50:00-03:00,3,3,3,3,12,0,4,True
54,185,2025-07-07,2.89731113956466,12,2025-07-07 04:00:00-03:00,2025-07-07 05:50:00-03:00,3,3,3,3,12,0,4,True
54,185,2025-07-08,2.89731113956466,12,2025-07-08 04:00:00-03:00,2025-07-08 05:50:00-03:00,3,3,3,3,12,0,4,True
54,185,2025-07-09,2.89731113956466,12,2025-07-09 04:00:00-03:00,2025-07-09 05:50:00-03:00,3,3,3,3,12,0,4,True
54,185,2025-07-10,2.89731113956466,8,2025-07-10 04:00:00-03:00,2025-07-10 05:50:00-03:00,3,3,1,1,8,0,4,True
54,185,2025-07-11,2.89731113956466,12,2025-07-11 04:00:00-03:00,2025-07-11 05:50:00-03:00,3,3,3,3,12,0,4,True
54,185,2025-07-12,2.89731113956466,10,2025-07-12 04:00:00-03:00,2025-07-12 05:30:00-03:00,3,3,3,1,10,0,4,True
55,36,2024-12-06,2.78828025477707,12,2024-12-06 04:00:00-03:00,2024-12-06 05:50:00-03:00,3,3,3,3,12,0,4,True
55,36,2024-12-07,2.78828025477707,12,2024-12-07 04:00:00-03:00,2024-12-07 05:50:00-03:00,3,3,3,3,12,0,4,True
55,36,2024-12-08,2.78828025477707,12,2024-12-08 04:00:00-03:00,2024-12-08 05:50:00-03:00,3,3,3,3,12,0,4,True
55,36,2024-12-09,2.78828025477707,12,2024-12-09 04:00:00-03:00,2024-12-09 05:50:00-03:00,3,3,3,3,12,0,4,True
55,36,2024-12-10,2.78828025477707,12,2024-12-10 04:00:00-03:00,2024-12-10 05:50:00-03:00,3,3,3,3,12,0,4,True
55,36,2024-12-11,2.78828025477707,12,2024-12-11 04:00:00-03:00,2024-12-11 05:50:00-03:00,3,3,3,3,12,0,4,True
55,36,2024-12-12,2.78828025477707,12,2024-12-12 04:00:00-03:00,2024-12-12 05:50:00-03:00,3,3,3,3,12,0,4,True
55,36,2024-12-13,2.78828025477707,12,2024-12-13 04:00:00-03:00,2024-12-13 05:50:00-03:00,3,3,3,3,12,0,4,True
55,36,2024-12-14,2.78828025477707,12,2024-12-14 04:00:00-03:00,2024-12-14 05:50:00-03:00,3,3,3,3,12,0,4,True
55,36,2024-12-15,2.78828025477707,12,2024-12-15 04:00:00-03:00,2024-12-15 05:50:00-03:00,3,3,3,3,12,0,4,True
55,36,2024-12-16,2.78828025477707,12,2024-12-16 04:00:00-03:00,2024-12-16 05:50:00-03:00,3,3,3,3,12,0,4,True
55,36,2024-12-17,2.78828025477707,12,2024-12-17 04:00:00-03:00,2024-12-17 05:50:00-03:00,3,3,3,3,12,0,4,True
55,36,2024-12-18,2.78828025477707,12,2024-12-18 04:00:00-03:00,2024-12-18 05:50:00-03:00,3,3,3,3,12,0,4,True
55,36,2024-12-19,2.78828025477707,12,2024-12-19 04:00:00-03:00,2024-12-19 05:50:00-03:00,3,3,3,3,12,0,4,True
55,187,2025-06-21,3.19181585677749,12,2025-06-21 04:00:00-03:00,2025-06-21 05:50:00-03:00,3,3,3,3,12,0,4,True
55,187,2025-06-22,3.19181585677749,12,2025-06-22 04:00:00-03:00,2025-06-22 05:50:00-03:00,3,3,3,3,12,0,4,True
55,187,2025-06-23,3.19181585677749,12,2025-06-23 04:00:00-03:00,2025-06-23 05:50:00-03:00,3,3,3,3,12,0,4,True
55,187,2025-06-24,3.19181585677749,12,2025-06-24 04:00:00-03:00,2025-06-24 05:50:00-03:00,3,3,3,3,12,0,4,True
55,187,2025-06-25,3.19181585677749,12,2025-06-25 04:00:00-03:00,2025-06-25 05:50:00-03:00,3,3,3,3,12,0,4,True
55,187,2025-06-26,3.19181585677749,12,2025-06-26 04:00:00-03:00,2025-06-26 05:50:00-03:00,3,3,3,3,12,0,4,True
55,187,2025-06-27,3.19181585677749,12,2025-06-27 04:00:00-03:00,2025-06-27 05:50:00-03:00,3,3,3,3,12,0,4,True
55,187,2025-06-28,3.19181585677749,12,2025-06-28 04:00:00-03:00,2025-06-28 05:50:00-03:00,3,3,3,3,12,0,4,True
55,187,2025-06-29,3.19181585677749,12,2025-06-29 04:00:00-03:00,2025-06-29 05:50:00-03:00,3,3,3,3,12,0,4,True
55,187,2025-06-30,3.19181585677749,12,2025-06-30 04:00:00-03:00,2025-06-30 05:50:00-03:00,3,3,3,3,12,0,4,True
55,187,2025-07-01,3.19181585677749,12,2025-07-01 04:00:00-03:00,2025-07-01 05:50:00-03:00,3,3,3,3,12,0,4,True
55,187,2025-07-02,3.19181585677749,11,2025-07-02 04:00:00-03:00,2025-07-02 05:50:00-03:00,3,3,2,3,11,0,4,True
55,187,2025-07-03,3.19181585677749,12,2025-07-03 04:00:00-03:00,2025-07-03 05:50:00-03:00,3,3,3,3,12,0,4,True
55,187,2025-07-04,3.19181585677749,12,2025-07-04 04:00:00-03:00,2025-07-04 05:50:00-03:00,3,3,3,3,12,0,4,True
55,187,2025-07-05,3.19181585677749,12,2025-07-05 04:00:00-03:00,2025-07-05 05:50:00-03:00,3,3,3,3,12,0,4,True
55,187,2025-07-06,3.19181585677749,12,2025-07-06 04:00:00-03:00,2025-07-06 05:50:00-03:00,3,3,3,3,12,0,4,True
55,187,2025-07-07,3.19181585677749,9,2025-07-07 04:20:00-03:00,2025-07-07 05:50:00-03:00,1,2,3,3,9,0,4,True
55,187,2025-07-08,3.19181585677749,12,2025-07-08 04:00:00-03:00,2025-07-08 05:50:00-03:00,3,3,3,3,12,0,4,True
55,187,2025-07-09,3.19181585677749,10,2025-07-09 04:00:00-03:00,2025-07-09 05:50:00-03:00,2,3,2,3,10,0,4,True
55,187,2025-07-10,3.19181585677749,3,2025-07-10 04:00:00-03:00,2025-07-10 04:50:00-03:00,1,2,0,0,3,0,2,False
55,187,2025-07-11,3.19181585677749,12,2025-07-11 04:00:00-03:00,2025-07-11 05:50:00-03:00,3,3,3,3,12,0,4,True
55,187,2025-07-12,3.19181585677749,5,2025-07-12 04:10:00-03:00,2025-07-12 05:30:00-03:00,1,3,0,1,5,0,3,False
56,52,2024-12-06,3.2066411238825,12,2024-12-06 04:00:00-03:00,2024-12-06 05:50:00-03:00,3,3,3,3,12,0,4,True
56,52,2024-12-07,3.2066411238825,12,2024-12-07 04:00:00-03:00,2024-12-07 05:50:00-03:00,3,3,3,3,12,0,4,True
56,52,2024-12-08,3.2066411238825,12,2024-12-08 04:00:00-03:00,2024-12-08 05:50:00-03:00,3,3,3,3,12,0,4,True
56,52,2024-12-09,3.2066411238825,12,2024-12-09 04:00:00-03:00,2024-12-09 05:50:00-03:00,3,3,3,3,12,0,4,True
56,52,2024-12-10,3.2066411238825,12,2024-12-10 04:00:00-03:00,2024-12-10 05:50:00-03:00,3,3,3,3,12,0,4,True
56,52,2024-12-11,3.2066411238825,12,2024-12-11 04:00:00-03:00,2024-12-11 05:50:00-03:00,3,3,3,3,12,0,4,True
56,52,2024-12-12,3.2066411238825,12,2024-12-12 04:00:00-03:00,2024-12-12 05:50:00-03:00,3,3,3,3,12,0,4,True
56,52,2024-12-13,3.2066411238825,12,2024-12-13 04:00:00-03:00,2024-12-13 05:50:00-03:00,3,3,3,3,12,0,4,True
56,52,2024-12-14,3.2066411238825,12,2024-12-14 04:00:00-03:00,2024-12-14 05:50:00-03:00,3,3,3,3,12,0,4,True
56,52,2024-12-15,3.2066411238825,12,2024-12-15 04:00:00-03:00,2024-12-15 05:50:00-03:00,3,3,3,3,12,0,4,True
56,52,2024-12-16,3.2066411238825,12,2024-12-16 04:00:00-03:00,2024-12-16 05:50:00-03:00,3,3,3,3,12,0,4,True
56,186,2025-06-21,3.20459770114943,12,2025-06-21 04:00:00-03:00,2025-06-21 05:50:00-03:00,3,3,3,3,12,0,4,True
56,186,2025-06-22,3.20459770114943,12,2025-06-22 04:00:00-03:00,2025-06-22 05:50:00-03:00,3,3,3,3,12,0,4,True
56,186,2025-06-23,3.20459770114943,12,2025-06-23 04:00:00-03:00,2025-06-23 05:50:00-03:00,3,3,3,3,12,0,4,True
56,186,2025-06-24,3.20459770114943,12,2025-06-24 04:00:00-03:00,2025-06-24 05:50:00-03:00,3,3,3,3,12,0,4,True
56,186,2025-06-25,3.20459770114943,12,2025-06-25 04:00:00-03:00,2025-06-25 05:50:00-03:00,3,3,3,3,12,0,4,True
56,186,2025-06-26,3.20459770114943,12,2025-06-26 04:00:00-03:00,2025-06-26 05:50:00-03:00,3,3,3,3,12,0,4,True
56,186,2025-06-27,3.20459770114943,12,2025-06-27 04:00:00-03:00,2025-06-27 05:50:00-03:00,3,3,3,3,12,0,4,True
56,186,2025-06-28,3.20459770114943,12,2025-06-28 04:00:00-03:00,2025-06-28 05:50:00-03:00,3,3,3,3,12,0,4,True
56,186,2025-06-29,3.20459770114943,12,2025-06-29 04:00:00-03:00,2025-06-29 05:50:00-03:00,3,3,3,3,12,0,4,True
56,186,2025-06-30,3.20459770114943,12,2025-06-30 04:00:00-03:00,2025-06-30 05:50:00-03:00,3,3,3,3,12,0,4,True
56,186,2025-07-01,3.20459770114943,12,2025-07-01 04:00:00-03:00,2025-07-01 05:50:00-03:00,3,3,3,3,12,0,4,True
56,186,2025-07-02,3.20459770114943,10,2025-07-02 04:00:00-03:00,2025-07-02 05:50:00-03:00,3,3,1,3,10,0,4,True
56,186,2025-07-03,3.20459770114943,12,2025-07-03 04:00:00-03:00,2025-07-03 05:50:00-03:00,3,3,3,3,12,0,4,True
56,186,2025-07-04,3.20459770114943,12,2025-07-04 04:00:00-03:00,2025-07-04 05:50:00-03:00,3,3,3,3,12,0,4,True
56,186,2025-07-05,3.20459770114943,12,2025-07-05 04:00:00-03:00,2025-07-05 05:50:00-03:00,3,3,3,3,12,0,4,True
56,186,2025-07-06,3.20459770114943,12,2025-07-06 04:00:00-03:00,2025-07-06 05:50:00-03:00,3,3,3,3,12,0,4,True
56,186,2025-07-07,3.20459770114943,11,2025-07-07 04:00:00-03:00,2025-07-07 05:50:00-03:00,2,3,3,3,11,0,4,True
56,186,2025-07-08,3.20459770114943,12,2025-07-08 04:00:00-03:00,2025-07-08 05:50:00-03:00,3,3,3,3,12,0,4,True
56,186,2025-07-09,3.20459770114943,12,2025-07-09 04:00:00-03:00,2025-07-09 05:50:00-03:00,3,3,3,3,12,0,4,True
56,186,2025-07-10,3.20459770114943,1,2025-07-10 04:40:00-03:00,2025-07-10 04:40:00-03:00,0,1,0,0,1,0,1,False
56,186,2025-07-11,3.20459770114943,12,2025-07-11 04:00:00-03:00,2025-07-11 05:50:00-03:00,3,3,3,3,12,0,4,True
56,186,2025-07-12,3.20459770114943,7,2025-07-12 04:00:00-03:00,2025-07-12 05:30:00-03:00,3,1,2,1,7,0,4,True
57,48,2024-12-06,2.78221092757306,12,2024-12-06 04:00:00-03:00,2024-12-06 05:50:00-03:00,3,3,3,3,12,0,4,True
57,48,2024-12-07,2.78221092757306,12,2024-12-07 04:00:00-03:00,2024-12-07 05:50:00-03:00,3,3,3,3,12,0,4,True
57,48,2024-12-08,2.78221092757306,12,2024-12-08 04:00:00-03:00,2024-12-08 05:50:00-03:00,3,3,3,3,12,0,4,True
57,48,2024-12-09,2.78221092757306,12,2024-12-09 04:00:00-03:00,2024-12-09 05:50:00-03:00,3,3,3,3,12,0,4,True
57,48,2024-12-10,2.78221092757306,12,2024-12-10 04:00:00-03:00,2024-12-10 05:50:00-03:00,3,3,3,3,12,0,4,True
57,48,2024-12-11,2.78221092757306,12,2024-12-11 04:00:00-03:00,2024-12-11 05:50:00-03:00,3,3,3,3,12,0,4,True
57,48,2024-12-12,2.78221092757306,12,2024-12-12 04:00:00-03:00,2024-12-12 05:50:00-03:00,3,3,3,3,12,0,4,True
57,48,2024-12-13,2.78221092757306,12,2024-12-13 04:00:00-03:00,2024-12-13 05:50:00-03:00,3,3,3,3,12,0,4,True
57,48,2024-12-14,2.78221092757306,12,2024-12-14 04:00:00-03:00,2024-12-14 05:50:00-03:00,3,3,3,3,12,0,4,True
57,48,2024-12-15,2.78221092757306,12,2024-12-15 04:00:00-03:00,2024-12-15 05:50:00-03:00,3,3,3,3,12,0,4,True
57,48,2024-12-16,2.78221092757306,12,2024-12-16 04:00:00-03:00,2024-12-16 05:50:00-03:00,3,3,3,3,12,0,4,True
57,48,2024-12-17,2.78221092757306,12,2024-12-17 04:00:00-03:00,2024-12-17 05:50:00-03:00,3,3,3,3,12,0,4,True
57,48,2024-12-18,2.78221092757306,12,2024-12-18 04:00:00-03:00,2024-12-18 05:50:00-03:00,3,3,3,3,12,0,4,True
57,48,2024-12-19,2.78221092757306,12,2024-12-19 04:00:00-03:00,2024-12-19 05:50:00-03:00,3,3,3,3,12,0,4,True
57,48,2024-12-20,2.78221092757306,12,2024-12-20 04:00:00-03:00,2024-12-20 05:50:00-03:00,3,3,3,3,12,0,4,True
57,48,2024-12-21,2.78221092757306,12,2024-12-21 04:00:00-03:00,2024-12-21 05:50:00-03:00,3,3,3,3,12,0,4,True
57,48,2024-12-22,2.78221092757306,12,2024-12-22 04:00:00-03:00,2024-12-22 05:50:00-03:00,3,3,3,3,12,0,4,True
57,48,2024-12-23,2.78221092757306,12,2024-12-23 04:00:00-03:00,2024-12-23 05:50:00-03:00,3,3,3,3,12,0,4,True
57,48,2024-12-24,2.78221092757306,12,2024-12-24 04:00:00-03:00,2024-12-24 05:50:00-03:00,3,3,3,3,12,0,4,True
57,48,2024-12-25,2.78221092757306,12,2024-12-25 04:00:00-03:00,2024-12-25 05:50:00-03:00,3,3,3,3,12,0,4,True
57,48,2024-12-26,2.78221092757306,12,2024-12-26 04:00:00-03:00,2024-12-26 05:50:00-03:00,3,3,3,3,12,0,4,True
57,48,2024-12-27,2.78221092757306,12,2024-12-27 04:00:00-03:00,2024-12-27 05:50:00-03:00,3,3,3,3,12,0,4,True
57,188,2025-06-21,2.8460358056266,12,2025-06-21 04:00:00-03:00,2025-06-21 05:50:00-03:00,3,3,3,3,12,0,4,True
57,188,2025-06-22,2.8460358056266,12,2025-06-22 04:00:00-03:00,2025-06-22 05:50:00-03:00,3,3,3,3,12,0,4,True
57,188,2025-06-23,2.8460358056266,12,2025-06-23 04:00:00-03:00,2025-06-23 05:50:00-03:00,3,3,3,3,12,0,4,True
57,188,2025-06-24,2.8460358056266,12,2025-06-24 04:00:00-03:00,2025-06-24 05:50:00-03:00,3,3,3,3,12,0,4,True
57,188,2025-06-25,2.8460358056266,12,2025-06-25 04:00:00-03:00,2025-06-25 05:50:00-03:00,3,3,3,3,12,0,4,True
57,188,2025-06-26,2.8460358056266,11,2025-06-26 04:00:00-03:00,2025-06-26 05:50:00-03:00,3,3,2,3,11,0,4,True
57,188,2025-06-27,2.8460358056266,12,2025-06-27 04:00:00-03:00,2025-06-27 05:50:00-03:00,3,3,3,3,12,0,4,True
57,188,2025-06-28,2.8460358056266,12,2025-06-28 04:00:00-03:00,2025-06-28 05:50:00-03:00,3,3,3,3,12,0,4,True
57,188,2025-06-29,2.8460358056266,12,2025-06-29 04:00:00-03:00,2025-06-29 05:50:00-03:00,3,3,3,3,12,0,4,True
57,188,2025-06-30,2.8460358056266,12,2025-06-30 04:00:00-03:00,2025-06-30 05:50:00-03:00,3,3,3,3,12,0,4,True
57,188,2025-07-01,2.8460358056266,12,2025-07-01 04:00:00-03:00,2025-07-01 05:50:00-03:00,3,3,3,3,12,0,4,True
57,188,2025-07-02,2.8460358056266,11,2025-07-02 04:00:00-03:00,2025-07-02 05:50:00-03:00,3,3,2,3,11,0,4,True
57,188,2025-07-03,2.8460358056266,12,2025-07-03 04:00:00-03:00,2025-07-03 05:50:00-03:00,3,3,3,3,12,0,4,True
57,188,2025-07-04,2.8460358056266,12,2025-07-04 04:00:00-03:00,2025-07-04 05:50:00-03:00,3,3,3,3,12,0,4,True
57,188,2025-07-05,2.8460358056266,12,2025-07-05 04:00:00-03:00,2025-07-05 05:50:00-03:00,3,3,3,3,12,0,4,True
57,188,2025-07-06,2.8460358056266,12,2025-07-06 04:00:00-03:00,2025-07-06 05:50:00-03:00,3,3,3,3,12,0,4,True
57,188,2025-07-07,2.8460358056266,11,2025-07-07 04:00:00-03:00,2025-07-07 05:50:00-03:00,2,3,3,3,11,0,4,True
57,188,2025-07-08,2.8460358056266,12,2025-07-08 04:00:00-03:00,2025-07-08 05:50:00-03:00,3,3,3,3,12,0,4,True
57,188,2025-07-09,2.8460358056266,12,2025-07-09 04:00:00-03:00,2025-07-09 05:50:00-03:00,3,3,3,3,12,0,4,True
57,188,2025-07-10,2.8460358056266,6,2025-07-10 04:10:00-03:00,2025-07-10 05:30:00-03:00,2,3,0,1,6,0,3,False
57,188,2025-07-11,2.8460358056266,12,2025-07-11 04:00:00-03:00,2025-07-11 05:50:00-03:00,3,3,3,3,12,0,4,True
57,188,2025-07-12,2.8460358056266,9,2025-07-12 04:00:00-03:00,2025-07-12 05:20:00-03:00,3,3,3,0,9,0,3,False
58,16,2024-12-07,2.41581632653061,12,2024-12-07 04:00:00-03:00,2024-12-07 05:50:00-03:00,3,3,3,3,12,0,4,True
58,16,2024-12-08,2.41581632653061,12,2024-12-08 04:00:00-03:00,2024-12-08 05:50:00-03:00,3,3,3,3,12,0,4,True
58,16,2024-12-09,2.41581632653061,12,2024-12-09 04:00:00-03:00,2024-12-09 05:50:00-03:00,3,3,3,3,12,0,4,True
58,16,2024-12-10,2.41581632653061,12,2024-12-10 04:00:00-03:00,2024-12-10 05:50:00-03:00,3,3,3,3,12,0,4,True
58,16,2024-12-11,2.41581632653061,12,2024-12-11 04:00:00-03:00,2024-12-11 05:50:00-03:00,3,3,3,3,12,0,4,True
58,16,2024-12-12,2.41581632653061,12,2024-12-12 04:00:00-03:00,2024-12-12 05:50:00-03:00,3,3,3,3,12,0,4,True
58,16,2024-12-13,2.41581632653061,12,2024-12-13 04:00:00-03:00,2024-12-13 05:50:00-03:00,3,3,3,3,12,0,4,True
58,16,2024-12-14,2.41581632653061,12,2024-12-14 04:00:00-03:00,2024-12-14 05:50:00-03:00,3,3,3,3,12,0,4,True
58,16,2024-12-15,2.41581632653061,12,2024-12-15 04:00:00-03:00,2024-12-15 05:50:00-03:00,3,3,3,3,12,0,4,True
58,16,2024-12-16,2.41581632653061,12,2024-12-16 04:00:00-03:00,2024-12-16 05:50:00-03:00,3,3,3,3,12,0,4,True
58,16,2024-12-17,2.41581632653061,12,2024-12-17 04:00:00-03:00,2024-12-17 05:50:00-03:00,3,3,3,3,12,0,4,True
58,16,2024-12-18,2.41581632653061,12,2024-12-18 04:00:00-03:00,2024-12-18 05:50:00-03:00,3,3,3,3,12,0,4,True
58,16,2024-12-19,2.41581632653061,12,2024-12-19 04:00:00-03:00,2024-12-19 05:50:00-03:00,3,3,3,3,12,0,4,True
58,16,2024-12-20,2.41581632653061,12,2024-12-20 04:00:00-03:00,2024-12-20 05:50:00-03:00,3,3,3,3,12,0,4,True
58,16,2024-12-21,2.41581632653061,12,2024-12-21 04:00:00-03:00,2024-12-21 05:50:00-03:00,3,3,3,3,12,0,4,True
58,16,2024-12-22,2.41581632653061,12,2024-12-22 04:00:00-03:00,2024-12-22 05:50:00-03:00,3,3,3,3,12,0,4,True
58,16,2024-12-23,2.41581632653061,12,2024-12-23 04:00:00-03:00,2024-12-23 05:50:00-03:00,3,3,3,3,12,0,4,True
58,16,2024-12-24,2.41581632653061,12,2024-12-24 04:00:00-03:00,2024-12-24 05:50:00-03:00,3,3,3,3,12,0,4,True
58,16,2024-12-25,2.41581632653061,12,2024-12-25 04:00:00-03:00,2024-12-25 05:50:00-03:00,3,3,3,3,12,0,4,True
58,16,2024-12-26,2.41581632653061,12,2024-12-26 04:00:00-03:00,2024-12-26 05:50:00-03:00,3,3,3,3,12,0,4,True
58,16,2024-12-27,2.41581632653061,12,2024-12-27 04:00:00-03:00,2024-12-27 05:50:00-03:00,3,3,3,3,12,0,4,True
58,180,2025-06-23,2.17931034482759,12,2025-06-23 04:00:00-03:00,2025-06-23 05:50:00-03:00,3,3,3,3,12,0,4,True
58,180,2025-06-24,2.17931034482759,12,2025-06-24 04:00:00-03:00,2025-06-24 05:50:00-03:00,3,3,3,3,12,0,4,True
58,180,2025-06-25,2.17931034482759,12,2025-06-25 04:00:00-03:00,2025-06-25 05:50:00-03:00,3,3,3,3,12,0,4,True
58,180,2025-06-26,2.17931034482759,12,2025-06-26 04:00:00-03:00,2025-06-26 05:50:00-03:00,3,3,3,3,12,0,4,True
58,180,2025-06-27,2.17931034482759,12,2025-06-27 04:00:00-03:00,2025-06-27 05:50:00-03:00,3,3,3,3,12,0,4,True
58,180,2025-06-28,2.17931034482759,12,2025-06-28 04:00:00-03:00,2025-06-28 05:50:00-03:00,3,3,3,3,12,0,4,True
58,180,2025-06-29,2.17931034482759,12,2025-06-29 04:00:00-03:00,2025-06-29 05:50:00-03:00,3,3,3,3,12,0,4,True
58,180,2025-06-30,2.17931034482759,12,2025-06-30 04:00:00-03:00,2025-06-30 05:50:00-03:00,3,3,3,3,12,0,4,True
58,180,2025-07-01,2.17931034482759,12,2025-07-01 04:00:00-03:00,2025-07-01 05:50:00-03:00,3,3,3,3,12,0,4,True
58,180,2025-07-02,2.17931034482759,12,2025-07-02 04:00:00-03:00,2025-07-02 05:50:00-03:00,3,3,3,3,12,0,4,True
58,180,2025-07-03,2.17931034482759,12,2025-07-03 04:00:00-03:00,2025-07-03 05:50:00-03:00,3,3,3,3,12,0,4,True
58,180,2025-07-04,2.17931034482759,12,2025-07-04 04:00:00-03:00,2025-07-04 05:50:00-03:00,3,3,3,3,12,0,4,True
58,180,2025-07-05,2.17931034482759,12,2025-07-05 04:00:00-03:00,2025-07-05 05:50:00-03:00,3,3,3,3,12,0,4,True
58,180,2025-07-06,2.17931034482759,12,2025-07-06 04:00:00-03:00,2025-07-06 05:50:00-03:00,3,3,3,3,12,0,4,True
58,180,2025-07-07,2.17931034482759,12,2025-07-07 04:00:00-03:00,2025-07-07 05:50:00-03:00,3,3,3,3,12,0,4,True
58,180,2025-07-08,2.17931034482759,9,2025-07-08 04:10:00-03:00,2025-07-08 05:50:00-03:00,2,3,2,2,9,0,4,True
58,180,2025-07-09,2.17931034482759,8,2025-07-09 04:10:00-03:00,2025-07-09 05:50:00-03:00,2,2,2,2,8,0,4,True
59,26,2024-12-07,2.72397959183673,12,2024-12-07 04:00:00-03:00,2024-12-07 05:50:00-03:00,3,3,3,3,12,0,4,True
59,26,2024-12-08,2.72397959183673,12,2024-12-08 04:00:00-03:00,2024-12-08 05:50:00-03:00,3,3,3,3,12,0,4,True
59,26,2024-12-09,2.72397959183673,12,2024-12-09 04:00:00-03:00,2024-12-09 05:50:00-03:00,3,3,3,3,12,0,4,True
59,26,2024-12-10,2.72397959183673,12,2024-12-10 04:00:00-03:00,2024-12-10 05:50:00-03:00,3,3,3,3,12,0,4,True
59,26,2024-12-11,2.72397959183673,12,2024-12-11 04:00:00-03:00,2024-12-11 05:50:00-03:00,3,3,3,3,12,0,4,True
59,26,2024-12-12,2.72397959183673,12,2024-12-12 04:00:00-03:00,2024-12-12 05:50:00-03:00,3,3,3,3,12,0,4,True
59,26,2024-12-13,2.72397959183673,12,2024-12-13 04:00:00-03:00,2024-12-13 05:50:00-03:00,3,3,3,3,12,0,4,True
59,26,2024-12-14,2.72397959183673,12,2024-12-14 04:00:00-03:00,2024-12-14 05:50:00-03:00,3,3,3,3,12,0,4,True
59,26,2024-12-15,2.72397959183673,12,2024-12-15 04:00:00-03:00,2024-12-15 05:50:00-03:00,3,3,3,3,12,0,4,True
59,26,2024-12-16,2.72397959183673,12,2024-12-16 04:00:00-03:00,2024-12-16 05:50:00-03:00,3,3,3,3,12,0,4,True
59,26,2024-12-17,2.72397959183673,12,2024-12-17 04:00:00-03:00,2024-12-17 05:50:00-03:00,3,3,3,3,12,0,4,True
59,26,2024-12-18,2.72397959183673,12,2024-12-18 04:00:00-03:00,2024-12-18 05:50:00-03:00,3,3,3,3,12,0,4,True
59,26,2024-12-19,2.72397959183673,12,2024-12-19 04:00:00-03:00,2024-12-19 05:50:00-03:00,3,3,3,3,12,0,4,True
59,26,2024-12-20,2.72397959183673,12,2024-12-20 04:00:00-03:00,2024-12-20 05:50:00-03:00,3,3,3,3,12,0,4,True
59,26,2024-12-21,2.72397959183673,12,2024-12-21 04:00:00-03:00,2024-12-21 05:50:00-03:00,3,3,3,3,12,0,4,True
59,26,2024-12-22,2.72397959183673,12,2024-12-22 04:00:00-03:00,2024-12-22 05:50:00-03:00,3,3,3,3,12,0,4,True
59,26,2024-12-23,2.72397959183673,8,2024-12-23 04:00:00-03:00,2024-12-23 05:50:00-03:00,2,1,2,3,8,0,4,True
59,26,2024-12-24,2.72397959183673,12,2024-12-24 04:00:00-03:00,2024-12-24 05:50:00-03:00,3,3,3,3,12,0,4,True
59,26,2024-12-25,2.72397959183673,12,2024-12-25 04:00:00-03:00,2024-12-25 05:50:00-03:00,3,3,3,3,12,0,4,True
59,26,2024-12-26,2.72397959183673,12,2024-12-26 04:00:00-03:00,2024-12-26 05:50:00-03:00,3,3,3,3,12,0,4,True
59,26,2024-12-27,2.72397959183673,12,2024-12-27 04:00:00-03:00,2024-12-27 05:50:00-03:00,3,3,3,3,12,0,4,True
59,182,2025-06-23,2.723273657289,12,2025-06-23 04:00:00-03:00,2025-06-23 05:50:00-03:00,3,3,3,3,12,0,4,True
59,182,2025-06-24,2.723273657289,12,2025-06-24 04:00:00-03:00,2025-06-24 05:50:00-03:00,3,3,3,3,12,0,4,True
59,182,2025-06-25,2.723273657289,12,2025-06-25 04:00:00-03:00,2025-06-25 05:50:00-03:00,3,3,3,3,12,0,4,True
59,182,2025-06-26,2.723273657289,12,2025-06-26 04:00:00-03:00,2025-06-26 05:50:00-03:00,3,3,3,3,12,0,4,True
59,182,2025-06-27,2.723273657289,12,2025-06-27 04:00:00-03:00,2025-06-27 05:50:00-03:00,3,3,3,3,12,0,4,True
59,182,2025-06-28,2.723273657289,12,2025-06-28 04:00:00-03:00,2025-06-28 05:50:00-03:00,3,3,3,3,12,0,4,True
59,182,2025-06-29,2.723273657289,12,2025-06-29 04:00:00-03:00,2025-06-29 05:50:00-03:00,3,3,3,3,12,0,4,True
59,182,2025-06-30,2.723273657289,12,2025-06-30 04:00:00-03:00,2025-06-30 05:50:00-03:00,3,3,3,3,12,0,4,True
59,182,2025-07-01,2.723273657289,12,2025-07-01 04:00:00-03:00,2025-07-01 05:50:00-03:00,3,3,3,3,12,0,4,True
59,182,2025-07-02,2.723273657289,12,2025-07-02 04:00:00-03:00,2025-07-02 05:50:00-03:00,3,3,3,3,12,0,4,True
59,182,2025-07-03,2.723273657289,12,2025-07-03 04:00:00-03:00,2025-07-03 05:50:00-03:00,3,3,3,3,12,0,4,True
59,182,2025-07-04,2.723273657289,12,2025-07-04 04:00:00-03:00,2025-07-04 05:50:00-03:00,3,3,3,3,12,0,4,True
59,182,2025-07-05,2.723273657289,12,2025-07-05 04:00:00-03:00,2025-07-05 05:50:00-03:00,3,3,3,3,12,0,4,True
59,182,2025-07-06,2.723273657289,12,2025-07-06 04:00:00-03:00,2025-07-06 05:50:00-03:00,3,3,3,3,12,0,4,True
59,182,2025-07-07,2.723273657289,12,2025-07-07 04:00:00-03:00,2025-07-07 05:50:00-03:00,3,3,3,3,12,0,4,True
59,182,2025-07-08,2.723273657289,12,2025-07-08 04:00:00-03:00,2025-07-08 05:50:00-03:00,3,3,3,3,12,0,4,True
59,182,2025-07-09,2.723273657289,9,2025-07-09 04:00:00-03:00,2025-07-09 05:50:00-03:00,3,3,1,2,9,0,4,True
59,182,2025-07-10,2.723273657289,10,2025-07-10 04:00:00-03:00,2025-07-10 05:50:00-03:00,3,1,3,3,10,0,4,True
59,182,2025-07-11,2.723273657289,12,2025-07-11 04:00:00-03:00,2025-07-11 05:50:00-03:00,3,3,3,3,12,0,4,True
59,182,2025-07-12,2.723273657289,12,2025-07-12 04:00:00-03:00,2025-07-12 05:50:00-03:00,3,3,3,3,12,0,4,True
60,43,2024-12-07,2.39642857142857,12,2024-12-07 04:00:00-03:00,2024-12-07 05:50:00-03:00,3,3,3,3,12,0,4,True
60,43,2024-12-08,2.39642857142857,12,2024-12-08 04:00:00-03:00,2024-12-08 05:50:00-03:00,3,3,3,3,12,0,4,True
60,43,2024-12-09,2.39642857142857,12,2024-12-09 04:00:00-03:00,2024-12-09 05:50:00-03:00,3,3,3,3,12,0,4,True
60,43,2024-12-10,2.39642857142857,12,2024-12-10 04:00:00-03:00,2024-12-10 05:50:00-03:00,3,3,3,3,12,0,4,True
60,43,2024-12-11,2.39642857142857,12,2024-12-11 04:00:00-03:00,2024-12-11 05:50:00-03:00,3,3,3,3,12,0,4,True
60,43,2024-12-12,2.39642857142857,12,2024-12-12 04:00:00-03:00,2024-12-12 05:50:00-03:00,3,3,3,3,12,0,4,True
60,43,2024-12-13,2.39642857142857,12,2024-12-13 04:00:00-03:00,2024-12-13 05:50:00-03:00,3,3,3,3,12,0,4,True
60,43,2024-12-14,2.39642857142857,12,2024-12-14 04:00:00-03:00,2024-12-14 05:50:00-03:00,3,3,3,3,12,0,4,True
60,43,2024-12-15,2.39642857142857,12,2024-12-15 04:00:00-03:00,2024-12-15 05:50:00-03:00,3,3,3,3,12,0,4,True
60,43,2024-12-16,2.39642857142857,12,2024-12-16 04:00:00-03:00,2024-12-16 05:50:00-03:00,3,3,3,3,12,0,4,True
60,43,2024-12-17,2.39642857142857,12,2024-12-17 04:00:00-03:00,2024-12-17 05:50:00-03:00,3,3,3,3,12,0,4,True
60,43,2024-12-18,2.39642857142857,12,2024-12-18 04:00:00-03:00,2024-12-18 05:50:00-03:00,3,3,3,3,12,0,4,True
60,43,2024-12-19,2.39642857142857,12,2024-12-19 04:00:00-03:00,2024-12-19 05:50:00-03:00,3,3,3,3,12,0,4,True
60,43,2024-12-20,2.39642857142857,11,2024-12-20 04:00:00-03:00,2024-12-20 05:50:00-03:00,3,3,2,3,11,0,4,True
60,43,2024-12-21,2.39642857142857,12,2024-12-21 04:00:00-03:00,2024-12-21 05:50:00-03:00,3,3,3,3,12,0,4,True
60,43,2024-12-22,2.39642857142857,12,2024-12-22 04:00:00-03:00,2024-12-22 05:50:00-03:00,3,3,3,3,12,0,4,True
60,43,2024-12-23,2.39642857142857,11,2024-12-23 04:00:00-03:00,2024-12-23 05:50:00-03:00,3,2,3,3,11,0,4,True
60,43,2024-12-24,2.39642857142857,12,2024-12-24 04:00:00-03:00,2024-12-24 05:50:00-03:00,3,3,3,3,12,0,4,True
60,43,2024-12-25,2.39642857142857,12,2024-12-25 04:00:00-03:00,2024-12-25 05:50:00-03:00,3,3,3,3,12,0,4,True
60,43,2024-12-26,2.39642857142857,12,2024-12-26 04:00:00-03:00,2024-12-26 05:50:00-03:00,3,3,3,3,12,0,4,True
60,43,2024-12-27,2.39642857142857,12,2024-12-27 04:00:00-03:00,2024-12-27 05:50:00-03:00,3,3,3,3,12,0,4,True
60,181,2025-06-23,2.39131545338442,12,2025-06-23 04:00:00-03:00,2025-06-23 05:50:00-03:00,3,3,3,3,12,0,4,True
60,181,2025-06-24,2.39131545338442,12,2025-06-24 04:00:00-03:00,2025-06-24 05:50:00-03:00,3,3,3,3,12,0,4,True
60,181,2025-06-25,2.39131545338442,12,2025-06-25 04:00:00-03:00,2025-06-25 05:50:00-03:00,3,3,3,3,12,0,4,True
60,181,2025-06-26,2.39131545338442,12,2025-06-26 04:00:00-03:00,2025-06-26 05:50:00-03:00,3,3,3,3,12,0,4,True
60,181,2025-06-27,2.39131545338442,9,2025-06-27 04:00:00-03:00,2025-06-27 05:50:00-03:00,3,0,3,3,9,0,3,False
60,181,2025-06-28,2.39131545338442,12,2025-06-28 04:00:00-03:00,2025-06-28 05:50:00-03:00,3,3,3,3,12,0,4,True
60,181,2025-06-29,2.39131545338442,12,2025-06-29 04:00:00-03:00,2025-06-29 05:50:00-03:00,3,3,3,3,12,0,4,True
60,181,2025-06-30,2.39131545338442,12,2025-06-30 04:00:00-03:00,2025-06-30 05:50:00-03:00,3,3,3,3,12,0,4,True
60,181,2025-07-01,2.39131545338442,12,2025-07-01 04:00:00-03:00,2025-07-01 05:50:00-03:00,3,3,3,3,12,0,4,True
60,181,2025-07-02,2.39131545338442,12,2025-07-02 04:00:00-03:00,2025-07-02 05:50:00-03:00,3,3,3,3,12,0,4,True
60,181,2025-07-03,2.39131545338442,7,2025-07-03 04:50:00-03:00,2025-07-03 05:50:00-03:00,0,1,3,3,7,0,3,False
60,181,2025-07-04,2.39131545338442,11,2025-07-04 04:00:00-03:00,2025-07-04 05:40:00-03:00,3,3,3,2,11,0,4,True
60,181,2025-07-05,2.39131545338442,12,2025-07-05 04:00:00-03:00,2025-07-05 05:50:00-03:00,3,3,3,3,12,0,4,True
60,181,2025-07-06,2.39131545338442,12,2025-07-06 04:00:00-03:00,2025-07-06 05:50:00-03:00,3,3,3,3,12,0,4,True
60,181,2025-07-07,2.39131545338442,11,2025-07-07 04:10:00-03:00,2025-07-07 05:50:00-03:00,2,3,3,3,11,0,4,True
60,181,2025-07-08,2.39131545338442,9,2025-07-08 04:00:00-03:00,2025-07-08 05:50:00-03:00,3,2,1,3,9,0,4,True
60,181,2025-07-09,2.39131545338442,1,2025-07-09 04:10:00-03:00,2025-07-09 04:10:00-03:00,1,0,0,0,1,0,1,False
60,181,2025-07-10,2.39131545338442,5,2025-07-10 05:10:00-03:00,2025-07-10 05:50:00-03:00,0,0,2,3,5,0,2,False
60,181,2025-07-11,2.39131545338442,12,2025-07-11 04:00:00-03:00,2025-07-11 05:50:00-03:00,3,3,3,3,12,0,4,True
60,181,2025-07-12,2.39131545338442,11,2025-07-12 04:00:00-03:00,2025-07-12 05:40:00-03:00,3,3,3,2,11,0,4,True
61,66,2024-12-08,2.82915601023018,12,2024-12-08 04:00:00-03:00,2024-12-08 05:50:00-03:00,3,3,3,3,12,0,4,True
61,66,2024-12-09,2.82915601023018,10,2024-12-09 04:10:00-03:00,2024-12-09 05:50:00-03:00,1,3,3,3,10,0,4,True
61,66,2024-12-10,2.82915601023018,12,2024-12-10 04:00:00-03:00,2024-12-10 05:50:00-03:00,3,3,3,3,12,0,4,True
61,66,2024-12-11,2.82915601023018,12,2024-12-11 04:00:00-03:00,2024-12-11 05:50:00-03:00,3,3,3,3,12,0,4,True
61,66,2024-12-12,2.82915601023018,12,2024-12-12 04:00:00-03:00,2024-12-12 05:50:00-03:00,3,3,3,3,12,0,4,True
61,66,2024-12-13,2.82915601023018,12,2024-12-13 04:00:00-03:00,2024-12-13 05:50:00-03:00,3,3,3,3,12,0,4,True
61,66,2024-12-14,2.82915601023018,12,2024-12-14 04:00:00-03:00,2024-12-14 05:50:00-03:00,3,3,3,3,12,0,4,True
61,66,2024-12-15,2.82915601023018,12,2024-12-15 04:00:00-03:00,2024-12-15 05:50:00-03:00,3,3,3,3,12,0,4,True
61,66,2024-12-16,2.82915601023018,12,2024-12-16 04:00:00-03:00,2024-12-16 05:50:00-03:00,3,3,3,3,12,0,4,True
61,66,2024-12-17,2.82915601023018,12,2024-12-17 04:00:00-03:00,2024-12-17 05:50:00-03:00,3,3,3,3,12,0,4,True
61,66,2024-12-18,2.82915601023018,12,2024-12-18 04:00:00-03:00,2024-12-18 05:50:00-03:00,3,3,3,3,12,0,4,True
61,66,2024-12-19,2.82915601023018,12,2024-12-19 04:00:00-03:00,2024-12-19 05:50:00-03:00,3,3,3,3,12,0,4,True
61,66,2024-12-20,2.82915601023018,6,2024-12-20 04:00:00-03:00,2024-12-20 05:20:00-03:00,2,2,2,0,6,0,3,False
61,66,2024-12-21,2.82915601023018,12,2024-12-21 04:00:00-03:00,2024-12-21 05:50:00-03:00,3,3,3,3,12,0,4,True
61,66,2024-12-22,2.82915601023018,12,2024-12-22 04:00:00-03:00,2024-12-22 05:50:00-03:00,3,3,3,3,12,0,4,True
61,66,2024-12-23,2.82915601023018,12,2024-12-23 04:00:00-03:00,2024-12-23 05:50:00-03:00,3,3,3,3,12,0,4,True
61,66,2024-12-24,2.82915601023018,12,2024-12-24 04:00:00-03:00,2024-12-24 05:50:00-03:00,3,3,3,3,12,0,4,True
61,66,2024-12-25,2.82915601023018,12,2024-12-25 04:00:00-03:00,2024-12-25 05:50:00-03:00,3,3,3,3,12,0,4,True
61,66,2024-12-26,2.82915601023018,12,2024-12-26 04:00:00-03:00,2024-12-26 05:50:00-03:00,3,3,3,3,12,0,4,True
61,66,2024-12-27,2.82915601023018,11,2024-12-27 04:00:00-03:00,2024-12-27 05:40:00-03:00,3,3,3,2,11,0,4,True
61,171,2025-05-28,2.80689655172414,12,2025-05-28 04:00:00-03:00,2025-05-28 05:50:00-03:00,3,3,3,3,12,0,4,True
61,171,2025-05-29,2.80689655172414,12,2025-05-29 04:00:00-03:00,2025-05-29 05:50:00-03:00,3,3,3,3,12,0,4,True
61,171,2025-05-30,2.80689655172414,12,2025-05-30 04:00:00-03:00,2025-05-30 05:50:00-03:00,3,3,3,3,12,0,4,True
61,171,2025-05-31,2.80689655172414,12,2025-05-31 04:00:00-03:00,2025-05-31 05:50:00-03:00,3,3,3,3,12,0,4,True
61,171,2025-06-01,2.80689655172414,12,2025-06-01 04:00:00-03:00,2025-06-01 05:50:00-03:00,3,3,3,3,12,0,4,True
61,171,2025-06-02,2.80689655172414,12,2025-06-02 04:00:00-03:00,2025-06-02 05:50:00-03:00,3,3,3,3,12,0,4,True
61,171,2025-06-03,2.80689655172414,12,2025-06-03 04:00:00-03:00,2025-06-03 05:50:00-03:00,3,3,3,3,12,0,4,True
61,171,2025-06-04,2.80689655172414,12,2025-06-04 04:00:00-03:00,2025-06-04 05:50:00-03:00,3,3,3,3,12,0,4,True
61,171,2025-06-05,2.80689655172414,12,2025-06-05 04:00:00-03:00,2025-06-05 05:50:00-03:00,3,3,3,3,12,0,4,True
61,171,2025-06-06,2.80689655172414,10,2025-06-06 04:00:00-03:00,2025-06-06 05:50:00-03:00,3,2,2,3,10,0,4,True
61,171,2025-06-07,2.80689655172414,12,2025-06-07 04:00:00-03:00,2025-06-07 05:50:00-03:00,3,3,3,3,12,0,4,True
61,171,2025-06-08,2.80689655172414,12,2025-06-08 04:00:00-03:00,2025-06-08 05:50:00-03:00,3,3,3,3,12,0,4,True
61,171,2025-06-09,2.80689655172414,12,2025-06-09 04:00:00-03:00,2025-06-09 05:50:00-03:00,3,3,3,3,12,0,4,True
61,171,2025-06-10,2.80689655172414,12,2025-06-10 04:00:00-03:00,2025-06-10 05:50:00-03:00,3,3,3,3,12,0,4,True
61,171,2025-06-11,2.80689655172414,12,2025-06-11 04:00:00-03:00,2025-06-11 05:50:00-03:00,3,3,3,3,12,0,4,True
61,171,2025-06-12,2.80689655172414,12,2025-06-12 04:00:00-03:00,2025-06-12 05:50:00-03:00,3,3,3,3,12,0,4,True
61,171,2025-06-13,2.80689655172414,12,2025-06-13 04:00:00-03:00,2025-06-13 05:50:00-03:00,3,3,3,3,12,0,4,True
61,171,2025-06-14,2.80689655172414,12,2025-06-14 04:00:00-03:00,2025-06-14 05:50:00-03:00,3,3,3,3,12,0,4,True
61,171,2025-06-15,2.80689655172414,12,2025-06-15 04:00:00-03:00,2025-06-15 05:50:00-03:00,3,3,3,3,12,0,4,True
61,171,2025-06-16,2.80689655172414,12,2025-06-16 04:00:00-03:00,2025-06-16 05:50:00-03:00,3,3,3,3,12,0,4,True
61,171,2025-06-17,2.80689655172414,12,2025-06-17 04:00:00-03:00,2025-06-17 05:50:00-03:00,3,3,3,3,12,0,4,True
61,171,2025-06-18,2.80689655172414,11,2025-06-18 04:00:00-03:00,2025-06-18 05:50:00-03:00,3,3,2,3,11,0,4,True
62,31,2024-12-08,2.68888888888889,12,2024-12-08 04:00:00-03:00,2024-12-08 05:50:00-03:00,3,3,3,3,12,0,4,True
62,31,2024-12-09,2.68888888888889,12,2024-12-09 04:00:00-03:00,2024-12-09 05:50:00-03:00,3,3,3,3,12,0,4,True
62,31,2024-12-10,2.68888888888889,12,2024-12-10 04:00:00-03:00,2024-12-10 05:50:00-03:00,3,3,3,3,12,0,4,True
62,31,2024-12-11,2.68888888888889,12,2024-12-11 04:00:00-03:00,2024-12-11 05:50:00-03:00,3,3,3,3,12,0,4,True
62,31,2024-12-12,2.68888888888889,12,2024-12-12 04:00:00-03:00,2024-12-12 05:50:00-03:00,3,3,3,3,12,0,4,True
62,31,2024-12-13,2.68888888888889,12,2024-12-13 04:00:00-03:00,2024-12-13 05:50:00-03:00,3,3,3,3,12,0,4,True
62,31,2024-12-14,2.68888888888889,12,2024-12-14 04:00:00-03:00,2024-12-14 05:50:00-03:00,3,3,3,3,12,0,4,True
62,31,2024-12-15,2.68888888888889,12,2024-12-15 04:00:00-03:00,2024-12-15 05:50:00-03:00,3,3,3,3,12,0,4,True
62,31,2024-12-16,2.68888888888889,12,2024-12-16 04:00:00-03:00,2024-12-16 05:50:00-03:00,3,3,3,3,12,0,4,True
62,31,2024-12-17,2.68888888888889,12,2024-12-17 04:00:00-03:00,2024-12-17 05:50:00-03:00,3,3,3,3,12,0,4,True
62,31,2024-12-18,2.68888888888889,12,2024-12-18 04:00:00-03:00,2024-12-18 05:50:00-03:00,3,3,3,3,12,0,4,True
62,31,2024-12-19,2.68888888888889,12,2024-12-19 04:00:00-03:00,2024-12-19 05:50:00-03:00,3,3,3,3,12,0,4,True
62,31,2024-12-20,2.68888888888889,12,2024-12-20 04:00:00-03:00,2024-12-20 05:50:00-03:00,3,3,3,3,12,0,4,True
62,31,2024-12-21,2.68888888888889,12,2024-12-21 04:00:00-03:00,2024-12-21 05:50:00-03:00,3,3,3,3,12,0,4,True
62,31,2024-12-22,2.68888888888889,12,2024-12-22 04:00:00-03:00,2024-12-22 05:50:00-03:00,3,3,3,3,12,0,4,True
62,31,2024-12-23,2.68888888888889,12,2024-12-23 04:00:00-03:00,2024-12-23 05:50:00-03:00,3,3,3,3,12,0,4,True
62,31,2024-12-24,2.68888888888889,12,2024-12-24 04:00:00-03:00,2024-12-24 05:50:00-03:00,3,3,3,3,12,0,4,True
62,31,2024-12-25,2.68888888888889,12,2024-12-25 04:00:00-03:00,2024-12-25 05:50:00-03:00,3,3,3,3,12,0,4,True
62,31,2024-12-26,2.68888888888889,12,2024-12-26 04:00:00-03:00,2024-12-26 05:50:00-03:00,3,3,3,3,12,0,4,True
62,31,2024-12-27,2.68888888888889,12,2024-12-27 04:00:00-03:00,2024-12-27 05:50:00-03:00,3,3,3,3,12,0,4,True
62,170,2025-06-01,2.74325346784363,12,2025-06-01 04:00:00-03:00,2025-06-01 05:50:00-03:00,3,3,3,3,12,0,4,True
62,170,2025-06-02,2.74325346784363,12,2025-06-02 04:00:00-03:00,2025-06-02 05:50:00-03:00,3,3,3,3,12,0,4,True
62,170,2025-06-03,2.74325346784363,12,2025-06-03 04:00:00-03:00,2025-06-03 05:50:00-03:00,3,3,3,3,12,0,4,True
62,170,2025-06-04,2.74325346784363,12,2025-06-04 04:00:00-03:00,2025-06-04 05:50:00-03:00,3,3,3,3,12,0,4,True
62,170,2025-06-05,2.74325346784363,12,2025-06-05 04:00:00-03:00,2025-06-05 05:50:00-03:00,3,3,3,3,12,0,4,True
62,170,2025-06-06,2.74325346784363,12,2025-06-06 04:00:00-03:00,2025-06-06 05:50:00-03:00,3,3,3,3,12,0,4,True
62,170,2025-06-07,2.74325346784363,12,2025-06-07 04:00:00-03:00,2025-06-07 05:50:00-03:00,3,3,3,3,12,0,4,True
62,170,2025-06-08,2.74325346784363,12,2025-06-08 04:00:00-03:00,2025-06-08 05:50:00-03:00,3,3,3,3,12,0,4,True
62,170,2025-06-09,2.74325346784363,12,2025-06-09 04:00:00-03:00,2025-06-09 05:50:00-03:00,3,3,3,3,12,0,4,True
62,170,2025-06-10,2.74325346784363,12,2025-06-10 04:00:00-03:00,2025-06-10 05:50:00-03:00,3,3,3,3,12,0,4,True
62,170,2025-06-11,2.74325346784363,12,2025-06-11 04:00:00-03:00,2025-06-11 05:50:00-03:00,3,3,3,3,12,0,4,True
62,170,2025-06-12,2.74325346784363,12,2025-06-12 04:00:00-03:00,2025-06-12 05:50:00-03:00,3,3,3,3,12,0,4,True
62,170,2025-06-13,2.74325346784363,12,2025-06-13 04:00:00-03:00,2025-06-13 05:50:00-03:00,3,3,3,3,12,0,4,True
62,170,2025-06-14,2.74325346784363,12,2025-06-14 04:00:00-03:00,2025-06-14 05:50:00-03:00,3,3,3,3,12,0,4,True
62,170,2025-06-15,2.74325346784363,12,2025-06-15 04:00:00-03:00,2025-06-15 05:50:00-03:00,3,3,3,3,12,0,4,True
62,170,2025-06-16,2.74325346784363,12,2025-06-16 04:00:00-03:00,2025-06-16 05:50:00-03:00,3,3,3,3,12,0,4,True
62,170,2025-06-17,2.74325346784363,12,2025-06-17 04:00:00-03:00,2025-06-17 05:50:00-03:00,3,3,3,3,12,0,4,True
62,170,2025-06-18,2.74325346784363,12,2025-06-18 04:00:00-03:00,2025-06-18 05:50:00-03:00,3,3,3,3,12,0,4,True
63,62,2024-12-08,2.29494949494949,12,2024-12-08 04:00:00-03:00,2024-12-08 05:50:00-03:00,3,3,3,3,12,0,4,True
63,62,2024-12-09,2.29494949494949,12,2024-12-09 04:00:00-03:00,2024-12-09 05:50:00-03:00,3,3,3,3,12,0,4,True
63,62,2024-12-10,2.29494949494949,12,2024-12-10 04:00:00-03:00,2024-12-10 05:50:00-03:00,3,3,3,3,12,0,4,True
63,62,2024-12-11,2.29494949494949,12,2024-12-11 04:00:00-03:00,2024-12-11 05:50:00-03:00,3,3,3,3,12,0,4,True
63,62,2024-12-12,2.29494949494949,12,2024-12-12 04:00:00-03:00,2024-12-12 05:50:00-03:00,3,3,3,3,12,0,4,True
63,62,2024-12-13,2.29494949494949,12,2024-12-13 04:00:00-03:00,2024-12-13 05:50:00-03:00,3,3,3,3,12,0,4,True
63,62,2024-12-14,2.29494949494949,12,2024-12-14 04:00:00-03:00,2024-12-14 05:50:00-03:00,3,3,3,3,12,0,4,True
63,62,2024-12-15,2.29494949494949,12,2024-12-15 04:00:00-03:00,2024-12-15 05:50:00-03:00,3,3,3,3,12,0,4,True
63,62,2024-12-16,2.29494949494949,12,2024-12-16 04:00:00-03:00,2024-12-16 05:50:00-03:00,3,3,3,3,12,0,4,True
63,62,2024-12-17,2.29494949494949,12,2024-12-17 04:00:00-03:00,2024-12-17 05:50:00-03:00,3,3,3,3,12,0,4,True
63,62,2024-12-18,2.29494949494949,12,2024-12-18 04:00:00-03:00,2024-12-18 05:50:00-03:00,3,3,3,3,12,0,4,True
63,62,2024-12-19,2.29494949494949,12,2024-12-19 04:00:00-03:00,2024-12-19 05:50:00-03:00,3,3,3,3,12,0,4,True
63,62,2024-12-20,2.29494949494949,11,2024-12-20 04:00:00-03:00,2024-12-20 05:50:00-03:00,3,3,2,3,11,0,4,True
63,62,2024-12-21,2.29494949494949,12,2024-12-21 04:00:00-03:00,2024-12-21 05:50:00-03:00,3,3,3,3,12,0,4,True
63,62,2024-12-22,2.29494949494949,12,2024-12-22 04:00:00-03:00,2024-12-22 05:50:00-03:00,3,3,3,3,12,0,4,True
63,62,2024-12-23,2.29494949494949,12,2024-12-23 04:00:00-03:00,2024-12-23 05:50:00-03:00,3,3,3,3,12,0,4,True
63,62,2024-12-24,2.29494949494949,12,2024-12-24 04:00:00-03:00,2024-12-24 05:50:00-03:00,3,3,3,3,12,0,4,True
63,62,2024-12-25,2.29494949494949,12,2024-12-25 04:00:00-03:00,2024-12-25 05:50:00-03:00,3,3,3,3,12,0,4,True
63,62,2024-12-26,2.29494949494949,12,2024-12-26 04:00:00-03:00,2024-12-26 05:50:00-03:00,3,3,3,3,12,0,4,True
63,62,2024-12-27,2.29494949494949,12,2024-12-27 04:00:00-03:00,2024-12-27 05:50:00-03:00,3,3,3,3,12,0,4,True
63,172,2025-05-28,2.29494949494949,12,2025-05-28 04:00:00-03:00,2025-05-28 05:50:00-03:00,3,3,3,3,12,0,4,True
63,172,2025-05-29,2.29494949494949,12,2025-05-29 04:00:00-03:00,2025-05-29 05:50:00-03:00,3,3,3,3,12,0,4,True
63,172,2025-05-30,2.29494949494949,12,2025-05-30 04:00:00-03:00,2025-05-30 05:50:00-03:00,3,3,3,3,12,0,4,True
63,172,2025-05-31,2.29494949494949,12,2025-05-31 04:00:00-03:00,2025-05-31 05:50:00-03:00,3,3,3,3,12,0,4,True
63,172,2025-06-01,2.29494949494949,12,2025-06-01 04:00:00-03:00,2025-06-01 05:50:00-03:00,3,3,3,3,12,0,4,True
63,172,2025-06-02,2.29494949494949,12,2025-06-02 04:00:00-03:00,2025-06-02 05:50:00-03:00,3,3,3,3,12,0,4,True
63,172,2025-06-03,2.29494949494949,12,2025-06-03 04:00:00-03:00,2025-06-03 05:50:00-03:00,3,3,3,3,12,0,4,True
63,172,2025-06-04,2.29494949494949,12,2025-06-04 04:00:00-03:00,2025-06-04 05:50:00-03:00,3,3,3,3,12,0,4,True
63,172,2025-06-05,2.29494949494949,12,2025-06-05 04:00:00-03:00,2025-06-05 05:50:00-03:00,3,3,3,3,12,0,4,True
63,172,2025-06-06,2.29494949494949,12,2025-06-06 04:00:00-03:00,2025-06-06 05:50:00-03:00,3,3,3,3,12,0,4,True
63,172,2025-06-07,2.29494949494949,12,2025-06-07 04:00:00-03:00,2025-06-07 05:50:00-03:00,3,3,3,3,12,0,4,True
63,172,2025-06-08,2.29494949494949,12,2025-06-08 04:00:00-03:00,2025-06-08 05:50:00-03:00,3,3,3,3,12,0,4,True
63,172,2025-06-09,2.29494949494949,12,2025-06-09 04:00:00-03:00,2025-06-09 05:50:00-03:00,3,3,3,3,12,0,4,True
63,172,2025-06-10,2.29494949494949,12,2025-06-10 04:00:00-03:00,2025-06-10 05:50:00-03:00,3,3,3,3,12,0,4,True
63,172,2025-06-11,2.29494949494949,12,2025-06-11 04:00:00-03:00,2025-06-11 05:50:00-03:00,3,3,3,3,12,0,4,True
63,172,2025-06-12,2.29494949494949,12,2025-06-12 04:00:00-03:00,2025-06-12 05:50:00-03:00,3,3,3,3,12,0,4,True
63,172,2025-06-13,2.29494949494949,12,2025-06-13 04:00:00-03:00,2025-06-13 05:50:00-03:00,3,3,3,3,12,0,4,True
63,172,2025-06-14,2.29494949494949,12,2025-06-14 04:00:00-03:00,2025-06-14 05:50:00-03:00,3,3,3,3,12,0,4,True
63,172,2025-06-15,2.29494949494949,12,2025-06-15 04:00:00-03:00,2025-06-15 05:50:00-03:00,3,3,3,3,12,0,4,True
63,172,2025-06-16,2.29494949494949,12,2025-06-16 04:00:00-03:00,2025-06-16 05:50:00-03:00,3,3,3,3,12,0,4,True
63,172,2025-06-17,2.29494949494949,12,2025-06-17 04:00:00-03:00,2025-06-17 05:50:00-03:00,3,3,3,3,12,0,4,True
63,172,2025-06-18,2.29494949494949,12,2025-06-18 04:00:00-03:00,2025-06-18 05:50:00-03:00,3,3,3,3,12,0,4,True
65,87,2025-03-17,4.57687420584498,12,2025-03-17 04:00:00-03:00,2025-03-17 05:50:00-03:00,3,3,3,3,12,0,4,True
65,87,2025-03-18,4.57687420584498,12,2025-03-18 04:00:00-03:00,2025-03-18 05:50:00-03:00,3,3,3,3,12,0,4,True
65,87,2025-03-19,4.57687420584498,12,2025-03-19 04:00:00-03:00,2025-03-19 05:50:00-03:00,3,3,3,3,12,0,4,True
65,87,2025-03-20,4.57687420584498,12,2025-03-20 04:00:00-03:00,2025-03-20 05:50:00-03:00,3,3,3,3,12,0,4,True
65,87,2025-03-21,4.57687420584498,12,2025-03-21 04:00:00-03:00,2025-03-21 05:50:00-03:00,3,3,3,3,12,0,4,True
65,87,2025-03-22,4.57687420584498,12,2025-03-22 04:00:00-03:00,2025-03-22 05:50:00-03:00,3,3,3,3,12,0,4,True
65,87,2025-03-23,4.57687420584498,12,2025-03-23 04:00:00-03:00,2025-03-23 05:50:00-03:00,3,3,3,3,12,0,4,True
65,87,2025-03-24,4.57687420584498,12,2025-03-24 04:00:00-03:00,2025-03-24 05:50:00-03:00,3,3,3,3,12,0,4,True
65,87,2025-03-25,4.57687420584498,12,2025-03-25 04:00:00-03:00,2025-03-25 05:50:00-03:00,3,3,3,3,12,0,4,True
65,87,2025-03-26,4.57687420584498,12,2025-03-26 04:00:00-03:00,2025-03-26 05:50:00-03:00,3,3,3,3,12,0,4,True
65,87,2025-03-27,4.57687420584498,12,2025-03-27 04:00:00-03:00,2025-03-27 05:50:00-03:00,3,3,3,3,12,0,4,True
65,87,2025-03-28,4.57687420584498,11,2025-03-28 04:00:00-03:00,2025-03-28 05:40:00-03:00,3,3,3,2,11,0,4,True
65,87,2025-03-29,4.57687420584498,12,2025-03-29 04:00:00-03:00,2025-03-29 05:50:00-03:00,3,3,3,3,12,0,4,True
65,87,2025-03-30,4.57687420584498,12,2025-03-30 04:00:00-03:00,2025-03-30 05:50:00-03:00,3,3,3,3,12,0,4,True
65,87,2025-03-31,4.57687420584498,12,2025-03-31 04:00:00-03:00,2025-03-31 05:50:00-03:00,3,3,3,3,12,0,4,True
65,87,2025-04-01,4.57687420584498,12,2025-04-01 04:00:00-03:00,2025-04-01 05:50:00-03:00,3,3,3,3,12,0,4,True
65,87,2025-04-02,4.57687420584498,12,2025-04-02 04:00:00-03:00,2025-04-02 05:50:00-03:00,3,3,3,3,12,0,4,True
65,87,2025-04-03,4.57687420584498,12,2025-04-03 04:00:00-03:00,2025-04-03 05:50:00-03:00,3,3,3,3,12,0,4,True
65,87,2025-04-04,4.57687420584498,12,2025-04-04 04:00:00-03:00,2025-04-04 05:50:00-03:00,3,3,3,3,12,0,4,True
65,87,2025-04-05,4.57687420584498,12,2025-04-05 04:00:00-03:00,2025-04-05 05:50:00-03:00,3,3,3,3,12,0,4,True
65,87,2025-04-06,4.57687420584498,12,2025-04-06 04:00:00-03:00,2025-04-06 05:50:00-03:00,3,3,3,3,12,0,4,True
65,87,2025-04-07,4.57687420584498,12,2025-04-07 04:00:00-03:00,2025-04-07 05:50:00-03:00,3,3,3,3,12,0,4,True
66,92,2025-03-14,0.278571428571429,12,2025-03-14 04:00:00-03:00,2025-03-14 05:50:00-03:00,3,3,3,3,12,0,4,True
66,92,2025-03-15,0.278571428571429,12,2025-03-15 04:00:00-03:00,2025-03-15 05:50:00-03:00,3,3,3,3,12,0,4,True
66,92,2025-03-16,0.278571428571429,12,2025-03-16 04:00:00-03:00,2025-03-16 05:50:00-03:00,3,3,3,3,12,0,4,True
66,92,2025-03-17,0.278571428571429,12,2025-03-17 04:00:00-03:00,2025-03-17 05:50:00-03:00,3,3,3,3,12,0,4,True
66,92,2025-03-18,0.278571428571429,12,2025-03-18 04:00:00-03:00,2025-03-18 05:50:00-03:00,3,3,3,3,12,0,4,True
66,92,2025-03-19,0.278571428571429,12,2025-03-19 04:00:00-03:00,2025-03-19 05:50:00-03:00,3,3,3,3,12,0,4,True
66,92,2025-03-20,0.278571428571429,12,2025-03-20 04:00:00-03:00,2025-03-20 05:50:00-03:00,3,3,3,3,12,0,4,True
66,92,2025-03-21,0.278571428571429,12,2025-03-21 04:00:00-03:00,2025-03-21 05:50:00-03:00,3,3,3,3,12,0,4,True
66,92,2025-03-22,0.278571428571429,12,2025-03-22 04:00:00-03:00,2025-03-22 05:50:00-03:00,3,3,3,3,12,0,4,True
66,92,2025-03-23,0.278571428571429,12,2025-03-23 04:00:00-03:00,2025-03-23 05:50:00-03:00,3,3,3,3,12,0,4,True
66,92,2025-03-24,0.278571428571429,12,2025-03-24 04:00:00-03:00,2025-03-24 05:50:00-03:00,3,3,3,3,12,0,4,True
66,92,2025-03-25,0.278571428571429,12,2025-03-25 04:00:00-03:00,2025-03-25 05:50:00-03:00,3,3,3,3,12,0,4,True
66,92,2025-03-26,0.278571428571429,12,2025-03-26 04:00:00-03:00,2025-03-26 05:50:00-03:00,3,3,3,3,12,0,4,True
66,92,2025-03-27,0.278571428571429,12,2025-03-27 04:00:00-03:00,2025-03-27 05:50:00-03:00,3,3,3,3,12,0,4,True
66,92,2025-03-28,0.278571428571429,12,2025-03-28 04:00:00-03:00,2025-03-28 05:50:00-03:00,3,3,3,3,12,0,4,True
66,92,2025-03-29,0.278571428571429,12,2025-03-29 04:00:00-03:00,2025-03-29 05:50:00-03:00,3,3,3,3,12,0,4,True
66,92,2025-03-30,0.278571428571429,12,2025-03-30 04:00:00-03:00,2025-03-30 05:50:00-03:00,3,3,3,3,12,0,4,True
66,92,2025-03-31,0.278571428571429,12,2025-03-31 04:00:00-03:00,2025-03-31 05:50:00-03:00,3,3,3,3,12,0,4,True
66,92,2025-04-01,0.278571428571429,12,2025-04-01 04:00:00-03:00,2025-04-01 05:50:00-03:00,3,3,3,3,12,0,4,True
66,92,2025-04-02,0.278571428571429,12,2025-04-02 04:00:00-03:00,2025-04-02 05:50:00-03:00,3,3,3,3,12,0,4,True
66,92,2025-04-03,0.278571428571429,12,2025-04-03 04:00:00-03:00,2025-04-03 05:50:00-03:00,3,3,3,3,12,0,4,True
66,92,2025-04-04,0.278571428571429,12,2025-04-04 04:00:00-03:00,2025-04-04 05:50:00-03:00,3,3,3,3,12,0,4,True
66,92,2025-04-05,0.278571428571429,12,2025-04-05 04:00:00-03:00,2025-04-05 05:50:00-03:00,3,3,3,3,12,0,4,True
66,92,2025-04-06,0.278571428571429,12,2025-04-06 04:00:00-03:00,2025-04-06 05:50:00-03:00,3,3,3,3,12,0,4,True
66,92,2025-04-07,0.278571428571429,12,2025-04-07 04:00:00-03:00,2025-04-07 05:50:00-03:00,3,3,3,3,12,0,4,True
66,92,2025-04-08,0.278571428571429,12,2025-04-08 04:00:00-03:00,2025-04-08 05:50:00-03:00,3,3,3,3,12,0,4,True
67,173,2025-05-27,0.161941251596424,12,2025-05-27 04:00:00-03:00,2025-05-27 05:50:00-03:00,3,3,3,3,12,0,4,True
67,173,2025-05-28,0.161941251596424,12,2025-05-28 04:00:00-03:00,2025-05-28 05:50:00-03:00,3,3,3,3,12,0,4,True
67,173,2025-05-29,0.161941251596424,12,2025-05-29 04:00:00-03:00,2025-05-29 05:50:00-03:00,3,3,3,3,12,0,4,True
67,173,2025-05-30,0.161941251596424,12,2025-05-30 04:00:00-03:00,2025-05-30 05:50:00-03:00,3,3,3,3,12,0,4,True
67,173,2025-05-31,0.161941251596424,12,2025-05-31 04:00:00-03:00,2025-05-31 05:50:00-03:00,3,3,3,3,12,0,4,True
67,173,2025-06-01,0.161941251596424,12,2025-06-01 04:00:00-03:00,2025-06-01 05:50:00-03:00,3,3,3,3,12,0,4,True
67,173,2025-06-02,0.161941251596424,12,2025-06-02 04:00:00-03:00,2025-06-02 05:50:00-03:00,3,3,3,3,12,0,4,True
67,173,2025-06-03,0.161941251596424,12,2025-06-03 04:00:00-03:00,2025-06-03 05:50:00-03:00,3,3,3,3,12,0,4,True
67,173,2025-06-04,0.161941251596424,12,2025-06-04 04:00:00-03:00,2025-06-04 05:50:00-03:00,3,3,3,3,12,0,4,True
67,173,2025-06-05,0.161941251596424,12,2025-06-05 04:00:00-03:00,2025-06-05 05:50:00-03:00,3,3,3,3,12,0,4,True
67,173,2025-06-06,0.161941251596424,12,2025-06-06 04:00:00-03:00,2025-06-06 05:50:00-03:00,3,3,3,3,12,0,4,True
67,173,2025-06-07,0.161941251596424,12,2025-06-07 04:00:00-03:00,2025-06-07 05:50:00-03:00,3,3,3,3,12,0,4,True
67,173,2025-06-08,0.161941251596424,12,2025-06-08 04:00:00-03:00,2025-06-08 05:50:00-03:00,3,3,3,3,12,0,4,True
67,173,2025-06-09,0.161941251596424,12,2025-06-09 04:00:00-03:00,2025-06-09 05:50:00-03:00,3,3,3,3,12,0,4,True
67,173,2025-06-10,0.161941251596424,12,2025-06-10 04:00:00-03:00,2025-06-10 05:50:00-03:00,3,3,3,3,12,0,4,True
67,173,2025-06-11,0.161941251596424,12,2025-06-11 04:00:00-03:00,2025-06-11 05:50:00-03:00,3,3,3,3,12,0,4,True
67,173,2025-06-12,0.161941251596424,12,2025-06-12 04:00:00-03:00,2025-06-12 05:50:00-03:00,3,3,3,3,12,0,4,True
67,173,2025-06-13,0.161941251596424,12,2025-06-13 04:00:00-03:00,2025-06-13 05:50:00-03:00,3,3,3,3,12,0,4,True
67,173,2025-06-14,0.161941251596424,12,2025-06-14 04:00:00-03:00,2025-06-14 05:50:00-03:00,3,3,3,3,12,0,4,True
67,173,2025-06-15,0.161941251596424,12,2025-06-15 04:00:00-03:00,2025-06-15 05:50:00-03:00,3,3,3,3,12,0,4,True
67,173,2025-06-16,0.161941251596424,12,2025-06-16 04:00:00-03:00,2025-06-16 05:50:00-03:00,3,3,3,3,12,0,4,True
68,175,2025-05-27,0.8,12,2025-05-27 04:00:00-03:00,2025-05-27 05:50:00-03:00,3,3,3,3,12,0,4,True
68,175,2025-05-28,0.8,12,2025-05-28 04:00:00-03:00,2025-05-28 05:50:00-03:00,3,3,3,3,12,0,4,True
68,175,2025-05-29,0.8,12,2025-05-29 04:00:00-03:00,2025-05-29 05:50:00-03:00,3,3,3,3,12,0,4,True
68,175,2025-05-30,0.8,12,2025-05-30 04:00:00-03:00,2025-05-30 05:50:00-03:00,3,3,3,3,12,0,4,True
68,175,2025-05-31,0.8,12,2025-05-31 04:00:00-03:00,2025-05-31 05:50:00-03:00,3,3,3,3,12,0,4,True
68,175,2025-06-01,0.8,12,2025-06-01 04:00:00-03:00,2025-06-01 05:50:00-03:00,3,3,3,3,12,0,4,True
68,175,2025-06-02,0.8,12,2025-06-02 04:00:00-03:00,2025-06-02 05:50:00-03:00,3,3,3,3,12,0,4,True
68,175,2025-06-03,0.8,12,2025-06-03 04:00:00-03:00,2025-06-03 05:50:00-03:00,3,3,3,3,12,0,4,True
68,175,2025-06-04,0.8,12,2025-06-04 04:00:00-03:00,2025-06-04 05:50:00-03:00,3,3,3,3,12,0,4,True
68,175,2025-06-05,0.8,12,2025-06-05 04:00:00-03:00,2025-06-05 05:50:00-03:00,3,3,3,3,12,0,4,True
68,175,2025-06-06,0.8,12,2025-06-06 04:00:00-03:00,2025-06-06 05:50:00-03:00,3,3,3,3,12,0,4,True
68,175,2025-06-07,0.8,12,2025-06-07 04:00:00-03:00,2025-06-07 05:50:00-03:00,3,3,3,3,12,0,4,True
